1588,6776,1464233999.0
350,6777,1464234000.0
740,6778,1464234001.0
1068,6779,1464234002.0
1554,6780,1464234003.0
668,6781,1464234004.0
1989,6782,1464234005.0
540,6783,1464234006.0
516,6784,1464234007.0
630,6785,1464234008.0
1847,6779,1464234009.0
461,6787,1464234010.0
708,6783,1464234011.0
417,6789,1464234012.0
1038,6790,1464234013.0
2100,6791,1464234014.0
1349,6792,1464234015.0
1606,6780,1464234016.0
1479,6794,1464234017.0
1535,6795,1464234018.0
192,6796,1464234019.0
1311,6797,1464234020.0
518,6782,1464234021.0
20,6799,1464234022.0
214,6800,1464234023.0
789,6796,1464235799.0
521,6809,1464235800.0
1754,6810,1464235801.0
1059,6811,1464235802.0
303,6813,1464235804.0
294,6783,1464235805.0
291,6815,1464235806.0
1090,6783,1464235807.0
702,6817,1464235808.0
1673,6818,1464235809.0
265,6819,1464235810.0
554,6820,1464235811.0
515,6821,1464235812.0
674,6778,1464235813.0
1125,6792,1464235814.0
1755,6799,1464237599.0
63,6784,1464237600.0
1074,6838,1464237601.0
1503,6792,1464237602.0
1627,6784,1464237604.0
650,6811,1464237605.0
1596,6791,1464239399.0
733,6850,1464239400.0
1244,6821,1464239401.0
863,6811,1464239402.0
69,6853,1464239403.0
1219,6854,1464239404.0
1256,6785,1464239405.0
438,6790,1464239406.0
319,6857,1464239407.0
1996,6858,1464239408.0
1051,6859,1464239409.0
767,6791,1464239410.0
1366,6810,1464239412.0
440,6863,1464239413.0
1955,6866,1464239416.0
1335,6866,1464239417.0
288,6868,1464239418.0
983,6799,1464239421.0
9,6776,1464239423.0
738,6789,1464239424.0
394,6875,1464239425.0
1789,6819,1464241199.0
428,6886,1464241200.0
1873,6850,1464241201.0
464,6888,1464241202.0
2089,6889,1464241203.0
1768,6891,1464241205.0
611,6809,1464242999.0
951,6903,1464243000.0
240,6783,1464243001.0
1792,6792,1464243004.0
88,6821,1464243006.0
1318,6910,1464243007.0
97,6911,1464243008.0
1559,6912,1464243009.0
1574,6850,1464243010.0
329,6914,1464243011.0
1709,6866,1464243013.0
1494,6859,1464243014.0
257,6792,1464243015.0
1482,6787,1464243016.0
642,6920,1464243017.0
1085,6910,1464243018.0
500,6922,1464243019.0
502,6799,1464243021.0
1995,6925,1464243022.0
1237,6819,1464243023.0
1095,6792,1464243026.0
1220,6859,1464243027.0
1658,6782,1464243028.0
365,6819,1464243029.0
968,6911,1464243030.0
1398,6780,1464243034.0
2004,6925,1464243035.0
1204,6776,1464243037.0
696,6943,1464243040.0
1487,6800,1464243042.0
1816,6946,1464243043.0
426,6797,1464243044.0
2093,6922,1464243045.0
1001,6949,1464243046.0
1037,6951,1464243048.0
869,6809,1464243049.0
1165,6914,1464243050.0
280,6956,1464243053.0
2075,6854,1464243054.0
1741,6799,1464244799.0
1848,6949,1464244801.0
743,6922,1464244804.0
507,6813,1464244805.0
1991,6850,1464244806.0
1110,6973,1464244808.0
2006,6974,1464244809.0
252,6810,1464244810.0
333,6811,1464244813.0
230,6853,1464244814.0
719,6792,1464244816.0
412,6778,1464244817.0
996,6984,1464244819.0
1573,6777,1464244822.0
1268,6791,1464244824.0
1450,6794,1464244826.0
1926,7007,1464246599.0
1127,7008,1464246600.0
1056,6780,1464246603.0
2067,6784,1464246605.0
1975,6949,1464246606.0
1302,7022,1464246614.0
254,7024,1464246616.0
1324,6821,1464246617.0
222,6778,1464246618.0
1525,7028,1464246620.0
209,6784,1464246621.0
125,6973,1464246624.0
442,7035,1464246627.0
253,6863,1464246628.0
876,6920,1464246629.0
198,7038,1464246630.0
1287,6790,1464246631.0
834,6819,1464246632.0
698,6781,1464246634.0
985,6925,1464246635.0
14,6782,1464246637.0
2047,6889,1464246640.0
1920,6956,1464246645.0
1769,7024,1464246647.0
423,6925,1464246649.0
1248,7058,1464246650.0
431,6810,1464246653.0
1506,6780,1464248405.0
339,6778,1464248407.0
1896,6974,1464248410.0
1225,6850,1464248411.0
1272,6777,1464248412.0
1259,6853,1464248417.0
2034,6781,1464248419.0
388,6795,1464248421.0
199,6818,1464248424.0
37,7104,1464248427.0
1972,6789,1464248429.0
350,6777,1464248430.0
1354,6789,1464248433.0
936,6949,1464248437.0
915,7104,1464248439.0
1935,6799,1464248440.0
1107,6796,1464248442.0
735,6792,1464250201.0
1882,6925,1464250205.0
30,7008,1464250206.0
196,6789,1464250207.0
1084,6778,1464250208.0
1817,7058,1464250210.0
1671,6858,1464250211.0
1959,6820,1464250212.0
148,6974,1464250221.0
1241,6785,1464250224.0
1253,7058,1464252003.0
20,6799,1464252007.0
31,6783,1464252014.0
1428,6984,1464252015.0
1398,6780,1464252018.0
1035,6790,1464252023.0
1978,7212,1464253806.0
631,6789,1464253807.0
216,6790,1464255599.0
1285,7007,1464255603.0
1118,6850,1464257399.0
1029,7024,1464257403.0
1665,6811,1464259199.0
1033,6818,1464259201.0
577,7270,1464259204.0
1514,7212,1464259205.0
1189,7280,1464259214.0
602,6813,1464259218.0
987,6925,1464259224.0
2004,6925,1464259227.0
128,6810,1464259230.0
442,7035,1464259232.0
2022,6783,1464259233.0
513,6785,1464261000.0
1305,6925,1464261001.0
1019,6817,1464261005.0
1126,6888,1464261007.0
277,6838,1464262799.0
2033,6791,1464262800.0
368,6792,1464262803.0
1599,6782,1464262806.0
1649,6857,1464262811.0
560,6925,1464262814.0
1638,7347,1464262816.0
621,6914,1464262817.0
305,6943,1464262828.0
683,6889,1464262829.0
2095,6889,1464262839.0
929,6797,1464262841.0
263,6925,1464264599.0
1688,7024,1464264612.0
2100,6791,1464264613.0
967,6783,1464264614.0
881,6974,1464264616.0
1868,6888,1464264617.0
483,6779,1464264619.0
283,6853,1464264620.0
661,7432,1464266406.0
1550,6910,1464266411.0
1819,6838,1464266413.0
982,7443,1464266417.0
2066,6799,1464266428.0
1,7024,1464266429.0
1994,6858,1464266430.0
1219,6854,1464268201.0
1535,6795,1464268204.0
1617,7024,1464268207.0
1231,6817,1464270005.0
904,7505,1464270006.0
554,6820,1464270014.0
449,6778,1464270016.0
1070,6911,1464271799.0
14,6782,1464273599.0
97,6911,1464273601.0
1019,6817,1464273605.0
843,6809,1464273606.0
1793,7058,1464273610.0
178,6949,1464273627.0
1128,6792,1464273629.0
476,6863,1464273630.0
667,6783,1464273641.0
2064,7280,1464273643.0
1162,6974,1464273644.0
1509,6889,1464273645.0
419,6858,1464273646.0
1606,6780,1464273648.0
701,6792,1464275405.0
1839,6780,1464275408.0
380,6792,1464275417.0
1498,6795,1464275426.0
456,6810,1464275432.0
1192,7212,1464275443.0
578,7058,1464275446.0
311,6866,1464275448.0
844,7443,1464275452.0
194,6785,1464275454.0
999,6780,1464277200.0
557,6853,1464277216.0
500,6922,1464277217.0
1356,6783,1464279005.0
240,6783,1464279013.0
969,7726,1464279018.0
1429,6776,1464279021.0
80,6791,1464279023.0
110,6854,1464279025.0
1258,7058,1464279026.0
1599,6782,1464279027.0
497,7038,1464279029.0
1441,6782,1464279035.0
2050,6794,1464279045.0
886,6910,1464279046.0
1548,6776,1464279048.0
1996,6858,1464279050.0
1034,6794,1464279055.0
967,6783,1464282604.0
1136,6859,1464282606.0
1665,6811,1464284399.0
621,6914,1464284400.0
1999,6866,1464284402.0
37,7104,1464284417.0
1244,6821,1464284432.0
516,6784,1464284438.0
1087,6797,1464286207.0
685,7280,1464286208.0
1920,6956,1464288014.0
1084,6778,1464289828.0
1703,7035,1464291600.0
861,6925,1464291601.0
556,6809,1464291620.0
1051,6859,1464291622.0
428,6886,1464291627.0
1349,6792,1464291651.0
724,6956,1464293405.0
1378,6956,1464293411.0
407,6777,1464295199.0
1324,6821,1464295201.0
1318,6910,1464295213.0
1153,7212,1464295223.0
155,7008,1464295227.0
423,6925,1464295240.0
1626,6778,1464295247.0
1839,6780,1464295253.0
1844,6956,1464297009.0
1305,6925,1464298804.0
540,6783,1464298810.0
394,6875,1464298812.0
767,6791,1464298818.0
62,6792,1464298819.0
696,6943,1464298830.0
137,8205,1464298840.0
1885,7443,1464298841.0
1268,6791,1464300610.0
853,7212,1464300612.0
88,6821,1464300614.0
97,6911,1464300615.0
735,6792,1464300626.0
701,6792,1464300629.0
1588,6776,1464300639.0
1126,6888,1464302400.0
1561,6796,1464302416.0
174,6819,1464302418.0
2078,6956,1464304221.0
1204,6776,1464309628.0
1665,6811,1464309633.0
456,6810,1464309634.0
759,6857,1464311416.0
1965,8474,1464313205.0
876,6920,1464313218.0
1672,6784,1464313221.0
110,6854,1464313226.0
1816,6946,1464313232.0
1703,7035,1464313235.0
128,6810,1464313245.0
483,6779,1464313247.0
1035,6790,1464315007.0
214,6800,1464315009.0
1522,6974,1464315021.0
1428,6984,1464315022.0
319,6857,1464316804.0
1995,6925,1464316806.0
252,6810,1464320411.0
1800,6785,1464322204.0
936,6949,1464322211.0
380,6792,1464322217.0
987,6925,1464322223.0
1506,6780,1464324033.0
1482,6787,1464325807.0
2093,6922,1464325820.0
1596,6791,1464325825.0
1868,6888,1464325841.0
683,6889,1464325842.0
1237,6819,1464331205.0
1092,8903,1464331228.0
80,6791,1464332999.0
1935,6799,1464333009.0
305,6943,1464333011.0
131,6974,1464334806.0
1847,6779,1464334817.0
1978,7212,1464334831.0
254,7024,1464334832.0
1450,6794,1464336602.0
240,6783,1464336606.0
669,6984,1464336609.0
388,6795,1464336616.0
1844,6956,1464336617.0
294,6783,1464336622.0
789,6796,1464336636.0
631,6789,1464340202.0
336,9079,1464340208.0
288,6868,1464341999.0
668,6781,1464342003.0
1034,6794,1464342016.0
394,6875,1464342031.0
982,7443,1464345603.0
1975,6949,1464345647.0
1074,6838,1464347400.0
582,7726,1464349207.0
674,6778,1464349219.0
485,6951,1464349226.0
1839,6780,1464349230.0
1996,6858,1464351006.0
265,6819,1464351025.0
1056,6780,1464351031.0
759,6857,1464351055.0
131,6974,1464354599.0
1506,6780,1464354629.0
412,6778,1464354643.0
853,7212,1464356400.0
2014,8474,1464356414.0
128,6810,1464358213.0
1994,6858,1464358215.0
428,6886,1464358221.0
1110,6973,1464358222.0
2050,6794,1464358244.0
1130,9529,1464360006.0
1356,6783,1464360010.0
4,6888,1464360018.0
1118,6850,1464360020.0
1638,7347,1464360029.0
834,6819,1464360032.0
968,6911,1464361804.0
1649,6857,1464361830.0
560,6925,1464361841.0
2067,6784,1464361857.0
1366,6810,1464363615.0
563,9671,1464363633.0
1989,6782,1464363635.0
789,6796,1464365407.0
1454,6776,1464369016.0
417,6789,1464369017.0
1241,6785,1464372624.0
1975,6949,1464372631.0
1514,7212,1464372641.0
1989,6782,1464372645.0
319,6857,1464376221.0
1978,7212,1464376226.0
764,6785,1464376240.0
461,6787,1464379800.0
1548,6776,1464379838.0
669,6984,1464379844.0
2033,6791,1464379850.0
305,6943,1464381601.0
1574,6850,1464381625.0
137,8205,1464383399.0
1118,6850,1464383403.0
521,6809,1464383405.0
257,6792,1464383408.0
1793,7058,1464383422.0
1688,7024,1464383429.0
1192,7212,1464383438.0
667,6783,1464385215.0
75,8903,1464385239.0
214,6800,1464385247.0
2038,6951,1464387003.0
1768,6891,1464387006.0
361,6886,1464387014.0
1450,6794,1464387032.0
2026,7104,1464392399.0
423,6925,1464392409.0
1789,6819,1464394209.0
388,6795,1464394215.0
1535,6795,1464394235.0
1882,6925,1464394243.0
365,6819,1464397803.0
1372,6866,1464397815.0
1302,7022,1464399601.0
1991,6850,1464399604.0
630,6785,1464399608.0
69,6853,1464399613.0
1935,6799,1464399618.0
1617,7024,1464401415.0
985,6925,1464401416.0
1969,9671,1464401417.0
602,6813,1464401419.0
1125,6792,1464401422.0
62,6792,1464401444.0
1019,6817,1464401446.0
311,6866,1464403210.0
412,6778,1464403218.0
263,6925,1464403228.0
1819,6838,1464403234.0
449,6778,1464403239.0
914,6789,1464405012.0
1626,6778,1464406831.0
861,6925,1464406834.0
1754,6810,1464406842.0
1305,6925,1464406848.0
37,7104,1464408606.0
336,9079,1464408608.0
394,6875,1464408613.0
1225,6850,1464408618.0
674,6778,1464408625.0
1130,9529,1464410408.0
1926,7007,1464415800.0
1919,6888,1464415806.0
442,7035,1464415810.0
291,6815,1464415820.0
767,6791,1464415837.0
311,6866,1464415842.0
834,6819,1464417603.0
759,6857,1464417624.0
329,6914,1464417641.0
1741,6799,1464419418.0
1687,6820,1464419431.0
40,6809,1464419444.0
803,6911,1464421199.0
2100,6791,1464421201.0
843,6809,1464421203.0
1189,7280,1464421208.0
49,7443,1464421215.0
1354,6789,1464421226.0
131,6974,1464421227.0
1095,6792,1464421255.0
1482,6787,1464423004.0
431,6810,1464423022.0
735,6792,1464423025.0
1754,6810,1464423033.0
20,6799,1464423052.0
1012,6875,1464423053.0
554,6820,1464423055.0
533,6791,1464424836.0
645,11208,1464424843.0
423,6925,1464426609.0
1498,6795,1464426620.0
1450,6794,1464428410.0
1127,7008,1464428422.0
556,6809,1464428434.0
1237,6819,1464428438.0
40,6809,1464428442.0
1588,6776,1464430214.0
698,6781,1464430216.0
1514,7212,1464433816.0
128,6810,1464435630.0
1126,6888,1464435638.0
1969,9671,1464435653.0
1926,7007,1464437404.0
2037,6821,1464437414.0
936,6949,1464437420.0
4,6888,1464437436.0
1258,7058,1464437441.0
686,11602,1464441016.0
230,6853,1464441035.0
1972,6789,1464441042.0
131,6974,1464442805.0
1441,6782,1464444612.0
280,6956,1464444615.0
1573,6777,1464444625.0
2095,6889,1464444631.0
1110,6973,1464444633.0
853,7212,1464444639.0
1162,6974,1464444640.0
339,6778,1464444642.0
792,6779,1464444648.0
1095,6792,1464446409.0
1649,6857,1464448220.0
577,7270,1464448226.0
1085,6910,1464450004.0
155,7008,1464450025.0
425,7443,1464450038.0
1204,6776,1464450042.0
265,6819,1464450053.0
1816,6946,1464451801.0
1506,6780,1464455415.0
533,6791,1464457207.0
650,6811,1464458999.0
1127,7008,1464459000.0
1225,6850,1464460803.0
108,6809,1464464406.0
1972,6789,1464466206.0
254,7024,1464466229.0
426,6797,1464466235.0
1305,6925,1464466243.0
1627,6784,1464466245.0
1999,6866,1464468000.0
1085,6910,1464468011.0
1865,6795,1464468027.0
1215,12209,1464468037.0
29,6813,1464468044.0
803,6911,1464468046.0
20,6799,1464468060.0
196,6789,1464469800.0
582,7726,1464469814.0
1253,7058,1464469827.0
388,6795,1464469834.0
521,6809,1464469843.0
1965,8474,1464471602.0
698,6781,1464471611.0
1573,6777,1464473404.0
240,6783,1464473409.0
1285,7007,1464473433.0
199,6818,1464473437.0
1200,6777,1464473439.0
1978,7212,1464475220.0
792,6779,1464477001.0
1494,6859,1464477016.0
1126,6888,1464477047.0
1302,7022,1464477054.0
288,6868,1464478803.0
280,6956,1464478804.0
828,7104,1464480605.0
194,6785,1464480608.0
1037,6951,1464480609.0
2014,8474,1464480622.0
838,6889,1464480627.0
1296,7443,1464482400.0
589,6889,1464482428.0
1703,7035,1464482437.0
1056,6780,1464484200.0
319,6857,1464484202.0
49,7443,1464484207.0
621,6914,1464487801.0
1244,6821,1464487809.0
1051,6859,1464489611.0
2022,6783,1464489615.0
650,6811,1464489619.0
1335,6866,1464489622.0
148,6974,1464491413.0
631,6789,1464491426.0
380,6792,1464496801.0
1709,6866,1464496821.0
838,6889,1464498604.0
368,6792,1464498605.0
1114,6866,1464498606.0
518,6782,1464500401.0
1428,6984,1464502203.0
1153,7212,1464502204.0
1978,7212,1464504021.0
674,6778,1464504040.0
1883,6779,1464504052.0
1192,7212,1464504054.0
502,6799,1464509401.0
1606,6780,1464509421.0
500,6922,1464509426.0
1688,7024,1464511201.0
645,11208,1464511204.0
763,6794,1464511217.0
1844,6956,1464511219.0
521,6809,1464511223.0
1311,6797,1464513027.0
804,6819,1464513028.0
1165,6914,1464513035.0
2047,6889,1464514803.0
1479,6794,1464516615.0
1012,6875,1464516622.0
280,6956,1464518406.0
1366,6810,1464520213.0
743,6922,1464522000.0
1087,6797,1464522002.0
2100,6791,1464523809.0
797,7432,1464523813.0
20,6799,1464523832.0
1506,6780,1464523838.0
853,7212,1464523844.0
667,6783,1464523851.0
1989,6782,1464523852.0
1,7024,1464525614.0
294,6783,1464527400.0
828,7104,1464527406.0
1128,6792,1464529201.0
764,6785,1464529210.0
1920,6956,1464529236.0
1461,6783,1464529253.0
442,7035,1464532821.0
1084,6778,1464532827.0
1059,6811,1464532830.0
88,6821,1464532834.0
1085,6910,1464532839.0
1074,6838,1464534602.0
1398,6780,1464534607.0
1955,6866,1464534612.0
1596,6791,1464536401.0
305,6943,1464536412.0
1038,6790,1464536417.0
1204,6776,1464536421.0
668,6781,1464536426.0
1937,7022,1464536428.0
333,6811,1464536430.0
1844,6956,1464538207.0
767,6791,1464538222.0
1033,6818,1464538223.0
174,6819,1464538237.0
216,6790,1464541803.0
1999,6866,1464543603.0
839,6792,1464543609.0
513,6785,1464547201.0
1503,6792,1464547216.0
291,6815,1464547220.0
1672,6784,1464547228.0
1220,6859,1464547230.0
1703,7035,1464547240.0
1896,6974,1464547255.0
1349,6792,1464547256.0
1189,7280,1464550799.0
502,6799,1464550807.0
257,6792,1464550808.0
2089,6889,1464550813.0
1848,6949,1464552601.0
733,6850,1464552617.0
743,6922,1464552619.0
1995,6925,1464552620.0
1978,7212,1464552646.0
1626,6778,1464559800.0
977,9671,1464559802.0
1800,6785,1464559811.0
250,7028,1464561615.0
1204,6776,1464561630.0
1819,6838,1464563402.0
1817,7058,1464563405.0
1989,6782,1464563416.0
133,14146,1464563417.0
1383,6777,1464563420.0
126,6888,1464563424.0
1287,6790,1464563440.0
1754,6810,1464563444.0
1118,6850,1464563445.0
1755,6799,1464565220.0
1462,6889,1464565243.0
1514,7212,1464568801.0
1129,6903,1464568817.0
621,6914,1464572418.0
2018,6820,1464576002.0
1865,6795,1464576009.0
922,7212,1464576035.0
2050,6794,1464576041.0
828,7104,1464577801.0
311,6866,1464577812.0
214,6800,1464577816.0
137,8205,1464577821.0
1258,7058,1464579607.0
1153,7212,1464585000.0
709,6821,1464585015.0
740,6778,1464586821.0
629,7024,1464586824.0
1649,6857,1464586826.0
104,6795,1464588610.0
1138,7104,1464588628.0
876,6920,1464588634.0
1854,12209,1464588641.0
642,6920,1464588642.0
1926,7007,1464590399.0
1673,6818,1464590400.0
196,6789,1464590403.0
2014,8474,1464590409.0
1972,6789,1464590413.0
668,6781,1464592213.0
380,6792,1464592220.0
1741,6799,1464592233.0
283,6853,1464592245.0
1125,6792,1464592248.0
14,6782,1464592257.0
627,6857,1464594007.0
853,7212,1464594008.0
483,6779,1464594015.0
241,7022,1464595800.0
288,6868,1464595802.0
1354,6789,1464595815.0
1588,6776,1464595818.0
412,6778,1464595833.0
1285,7007,1464597627.0
229,6792,1464597642.0
1189,7280,1464599401.0
1441,6782,1464599409.0
709,6821,1464601215.0
303,6813,1464601231.0
642,6920,1464601237.0
1673,6818,1464601240.0
629,7024,1464603014.0
1920,6956,1464603044.0
88,6821,1464603053.0
1370,7212,1464603057.0
1285,7007,1464604838.0
131,6974,1464606604.0
1954,6819,1464606615.0
1287,6790,1464606641.0
1019,6817,1464606649.0
1709,6866,1464606664.0
516,6784,1464606668.0
839,6792,1464608428.0
1989,6782,1464608449.0
521,6809,1464610204.0
1296,7443,1464610209.0
1754,6810,1464610212.0
198,7038,1464610214.0
797,7432,1464611999.0
969,7726,1464612001.0
1687,6820,1464612016.0
1272,6777,1464612017.0
994,15383,1464612028.0
1090,6783,1464613801.0
1127,7008,1464613807.0
286,6886,1464613814.0
75,8903,1464613820.0
975,6974,1464613853.0
1768,6891,1464615599.0
1037,6951,1464615613.0
1494,6859,1464615630.0
994,15383,1464615643.0
759,6857,1464619200.0
801,6857,1464619222.0
1550,6910,1464622808.0
1125,6792,1464624600.0
128,6810,1464624619.0
1638,7347,1464624623.0
1538,6854,1464624646.0
108,6809,1464624657.0
1525,7028,1464626410.0
1442,12209,1464626415.0
967,6783,1464626429.0
1268,6791,1464626431.0
1761,8903,1464626446.0
994,15383,1464626454.0
265,6819,1464630001.0
1574,6850,1464630014.0
252,6810,1464631823.0
801,6857,1464631829.0
333,6811,1464639009.0
556,6809,1464639016.0
1287,6790,1464639027.0
126,6888,1464639028.0
423,6925,1464639050.0
661,7432,1464639062.0
500,6922,1464640817.0
425,7443,1464642623.0
1192,7212,1464642645.0
853,7212,1464644404.0
1084,6778,1464644415.0
929,6797,1464644436.0
977,9671,1464646200.0
968,6911,1464646225.0
859,16274,1464646252.0
1318,6910,1464648002.0
1450,6794,1464648025.0
277,6838,1464649799.0
1970,6777,1464649809.0
288,6868,1464651608.0
2034,6781,1464651612.0
1428,6984,1464651617.0
1366,6810,1464653413.0
929,6797,1464653419.0
1687,6820,1464653421.0
767,6791,1464653430.0
1673,6818,1464657005.0
1189,7280,1464657007.0
1599,6782,1464657011.0
350,6777,1464658805.0
1114,6866,1464658806.0
1204,6776,1464658841.0
507,6813,1464658859.0
803,6911,1464662399.0
602,6813,1464662419.0
40,6809,1464662436.0
1120,6903,1464664199.0
454,6791,1464664201.0
1882,6925,1464664202.0
1789,6819,1464664213.0
969,7726,1464664215.0
252,6810,1464664246.0
1136,6859,1464666013.0
863,6811,1464666017.0
126,6888,1464666032.0
428,6886,1464666043.0
719,6792,1464666048.0
1626,6778,1464666074.0
546,6817,1464667802.0
1672,6784,1464667819.0
1019,6817,1464667824.0
368,6792,1464667831.0
1538,6854,1464667832.0
1462,6889,1464667834.0
1919,6888,1464667836.0
110,6854,1464667839.0
1378,6956,1464667846.0
1200,6777,1464667848.0
869,6809,1464669621.0
1066,7028,1464669642.0
2004,6925,1464671402.0
516,6784,1464671403.0
1349,6792,1464671409.0
1269,16938,1464671416.0
1768,6891,1464673200.0
764,6785,1464673206.0
709,6821,1464673242.0
252,6810,1464675015.0
1153,7212,1464675031.0
985,6925,1464675045.0
277,6838,1464675049.0
968,6911,1464675053.0
507,6813,1464675064.0
365,6819,1464678602.0
1450,6794,1464678603.0
4,6888,1464682219.0
1514,7212,1464684002.0
1127,7008,1464684007.0
923,7432,1464684028.0
2098,7443,1464684039.0
37,7104,1464685800.0
772,6797,1464685806.0
611,6809,1464687611.0
1169,6818,1464687614.0
476,6863,1464687617.0
2004,6925,1464689402.0
576,6922,1464689404.0
792,6779,1464689412.0
1665,6811,1464689423.0
137,8205,1464689431.0
1454,6776,1464689438.0
1114,6866,1464691215.0
1136,6859,1464691217.0
1854,12209,1464693012.0
49,7443,1464693033.0
1370,7212,1464693036.0
603,17406,1464693038.0
685,7280,1464693041.0
29,6813,1464693045.0
196,6789,1464693056.0
2089,6889,1464698430.0
1588,6776,1464700201.0
1839,6780,1464700208.0
1324,6821,1464700220.0
311,6866,1464700222.0
709,6821,1464700225.0
1118,6850,1464702024.0
461,6787,1464702031.0
1378,6956,1464702043.0
507,6813,1464702045.0
767,6791,1464703812.0
277,6838,1464703816.0
724,6956,1464703835.0
538,6795,1464703850.0
789,6796,1464705600.0
280,6956,1464705613.0
2026,7104,1464707410.0
119,14146,1464707432.0
1709,6866,1464707455.0
838,6889,1464707464.0
2044,6891,1464709199.0
14,6782,1464711005.0
1253,7058,1464711011.0
1475,6922,1464711023.0
1587,6780,1464711039.0
1276,6914,1464711074.0
1461,6783,1464712805.0
1378,6956,1464716400.0
881,6974,1464718203.0
1001,6949,1464718209.0
1165,6914,1464718215.0
538,6795,1464723623.0
2075,6854,1464723642.0
456,6810,1464723662.0
2004,6925,1464723663.0
444,18142,1464725402.0
254,7024,1464725439.0
1559,6912,1464725467.0
999,6780,1464727225.0
1090,6783,1464727230.0
301,9671,1464729004.0
1189,7280,1464729009.0
20,6799,1464729011.0
2016,15383,1464729020.0
1428,6984,1464729027.0
4,6888,1464729037.0
1269,16938,1464729047.0
834,6819,1464729051.0
1848,6949,1464730860.0
969,7726,1464732619.0
1311,6797,1464732630.0
2014,8474,1464732631.0
1550,6910,1464732639.0
1954,6819,1464732642.0
1847,6779,1464734406.0
1665,6811,1464734407.0
280,6956,1464734418.0
37,7104,1464736203.0
294,6783,1464736210.0
1761,8903,1464738038.0
869,6809,1464738040.0
1935,6799,1464738058.0
199,6818,1464739808.0
263,6925,1464739810.0
1349,6792,1464739813.0
1883,6779,1464741614.0
1059,6811,1464741624.0
63,6784,1464741639.0
843,6809,1464741655.0
1038,6790,1464741658.0
476,6863,1464743407.0
1873,6850,1464745203.0
668,6781,1464747000.0
861,6925,1464747003.0
378,6914,1464747019.0
69,6853,1464747036.0
1873,6850,1464748807.0
454,6791,1464748819.0
1638,7347,1464748847.0
1883,6779,1464748856.0
241,7022,1464748873.0
1879,6797,1464750624.0
1919,6888,1464750644.0
1849,6911,1464750650.0
642,6920,1464750652.0
1427,18939,1464752399.0
1847,6779,1464752414.0
743,6922,1464752419.0
1978,7212,1464752431.0
428,6886,1464752454.0
426,6797,1464754206.0
1166,6790,1464754247.0
1970,6777,1464754258.0
1074,6838,1464756001.0
1972,6789,1464756011.0
1012,6875,1464756016.0
444,18142,1464756024.0
1550,6910,1464757814.0
1287,6790,1464757840.0
1920,6956,1464757849.0
1741,6799,1464761405.0
391,6809,1464763210.0
388,6795,1464763240.0
560,6925,1464763245.0
336,9079,1464766811.0
1272,6777,1464768605.0
1472,19390,1464770402.0
1452,6891,1464770404.0
1320,19403,1464770415.0
1506,6780,1464770420.0
904,7505,1464772216.0
661,7432,1464774001.0
1366,6810,1464774007.0
1204,6776,1464774009.0
1559,6912,1464775799.0
1908,6949,1464775812.0
1741,6799,1464777605.0
204,6789,1464777606.0
538,6795,1464779412.0
20,6799,1464779433.0
828,7104,1464779436.0
1598,6859,1464781216.0
1311,6797,1464783030.0
1045,7058,1464783044.0
1189,7280,1464784801.0
1092,8903,1464784809.0
4,6888,1464784811.0
914,6789,1464784829.0
1130,9529,1464792007.0
1475,6922,1464792012.0
1596,6791,1464793808.0
1703,7035,1464793810.0
1848,6949,1464793812.0
1285,7007,1464793815.0
1545,6984,1464793849.0
1305,6925,1464793871.0
1126,6888,1464795607.0
2058,7505,1464795615.0
1107,6796,1464795617.0
137,8205,1464795628.0
1165,6914,1464795632.0
391,6809,1464797399.0
2093,6922,1464797412.0
254,7024,1464797414.0
1296,7443,1464797429.0
1189,7280,1464797442.0
1996,6858,1464797444.0
30,7008,1464797446.0
9,6776,1464797448.0
277,6838,1464799201.0
603,17406,1464799222.0
630,6785,1464799223.0
216,6790,1464799237.0
1379,18939,1464801001.0
283,6853,1464801005.0
1627,6784,1464801006.0
1075,12209,1464801007.0
1947,6799,1464801010.0
2078,6956,1464802813.0
2075,6854,1464802815.0
1461,6783,1464802834.0
2028,6888,1464806401.0
744,6889,1464806404.0
136,6795,1464806410.0
1,7024,1464806429.0
1136,6859,1464808199.0
1241,6785,1464808223.0
1311,6797,1464808247.0
1498,6795,1464808248.0
772,6797,1464808250.0
1305,6925,1464808264.0
1975,6949,1464810031.0
194,6785,1464811803.0
1839,6780,1464811809.0
1935,6799,1464811815.0
1965,8474,1464811819.0
1253,7058,1464811822.0
29,6813,1464811823.0
1169,6818,1464811836.0
1090,6783,1464813622.0
1769,7024,1464813625.0
1073,6811,1464813646.0
540,6783,1464813653.0
744,6889,1464813659.0
2100,6791,1464813665.0
1074,6838,1464813669.0
257,6792,1464815437.0
263,6925,1464817226.0
1450,6794,1464817240.0
311,6866,1464817273.0
792,6779,1464820815.0
1865,6795,1464822632.0
1378,6956,1464824406.0
1276,6914,1464826199.0
792,6779,1464828002.0
1919,6888,1464828035.0
252,6810,1464828041.0
1302,7022,1464828046.0
1768,6891,1464828063.0
31,6783,1464828069.0
1092,8903,1464828079.0
738,6789,1464829806.0
1606,6780,1464829812.0
627,6857,1464829817.0
1045,7058,1464829818.0
1285,7007,1464829819.0
1908,6949,1464833427.0
1955,6866,1464833435.0
843,6809,1464835201.0
1051,6859,1464835203.0
629,7024,1464835207.0
75,8903,1464835226.0
969,7726,1464835246.0
1120,6903,1464835252.0
419,6858,1464835253.0
922,7212,1464835254.0
40,6809,1464837005.0
2078,6956,1464837019.0
983,6799,1464837022.0
2011,6875,1464837036.0
2022,6783,1464837046.0
2004,6925,1464838810.0
1506,6780,1464838818.0
128,6810,1464838820.0
2083,6783,1464840609.0
987,6925,1464840635.0
1995,6925,1464842412.0
708,6783,1464842428.0
1254,6819,1464842443.0
1244,6821,1464844209.0
1514,7212,1464844215.0
204,6789,1464846044.0
1165,6914,1464846051.0
277,6838,1464846062.0
1970,6777,1464847812.0
1204,6776,1464851409.0
1479,6794,1464851418.0
1248,7058,1464851421.0
1451,6817,1464851422.0
126,6888,1464851425.0
1215,12209,1464851428.0
1114,6866,1464851430.0
1741,6799,1464851440.0
213,6811,1464851441.0
685,7280,1464853201.0
1354,6789,1464853218.0
2089,6889,1464853219.0
1792,6792,1464853222.0
472,21555,1464854999.0
1107,6796,1464855006.0
1817,7058,1464855020.0
520,8903,1464855021.0
1991,6850,1464855029.0
448,21586,1464855030.0
1933,21555,1464855044.0
1929,6800,1464855046.0
288,6868,1464856820.0
1574,6850,1464858602.0
1596,6791,1464858619.0
237,7104,1464858640.0
29,6813,1464858656.0
897,7280,1464858668.0
859,16274,1464860413.0
1937,7022,1464860418.0
540,6783,1464862201.0
696,6943,1464862204.0
1454,6776,1464862211.0
1335,6866,1464862214.0
1256,6785,1464863999.0
914,6789,1464864001.0
1506,6780,1464865818.0
1883,6779,1464865847.0
2034,6781,1464869408.0
391,6809,1464869409.0
951,6903,1464869418.0
380,6792,1464871202.0
1789,6819,1464871207.0
1488,6951,1464874803.0
764,6785,1464874805.0
174,6819,1464874826.0
204,6789,1464874861.0
1854,12209,1464874862.0
890,7726,1464876610.0
1819,6838,1464876622.0
1839,6780,1464876635.0
472,21555,1464880213.0
1503,6792,1464880235.0
1349,6792,1464882004.0
500,6922,1464882013.0
560,6925,1464882016.0
2028,6888,1464882018.0
216,6790,1464885600.0
1038,6790,1464885610.0
1287,6790,1464887401.0
119,14146,1464887416.0
1598,6859,1464887418.0
291,6815,1464887420.0
2089,6889,1464887421.0
456,6810,1464887431.0
1118,6850,1464887437.0
1324,6821,1464889255.0
2058,7505,1464889258.0
128,6810,1464891013.0
148,6974,1464892803.0
30,7008,1464892811.0
1627,6784,1464892815.0
1272,6777,1464892816.0
1442,12209,1464894610.0
667,6783,1464894618.0
985,6925,1464894623.0
2084,22551,1464894638.0
1965,8474,1464896402.0
2050,6794,1464896406.0
431,6810,1464896410.0
556,6809,1464896419.0
2064,7280,1464896420.0
844,7443,1464896434.0
1034,6794,1464900005.0
1178,9079,1464900043.0
464,6888,1464901803.0
333,6811,1464903601.0
1068,6779,1464903606.0
661,7432,1464907200.0
1947,6799,1464909001.0
1561,6796,1464909009.0
820,22785,1464909030.0
518,6782,1464909031.0
1587,6780,1464909034.0
762,7505,1464909048.0
778,6780,1464909059.0
426,6797,1464909079.0
1452,6891,1464909081.0
1178,9079,1464910805.0
909,6780,1464910825.0
696,6943,1464912611.0
284,16938,1464914408.0
869,6809,1464914412.0
1451,6817,1464914414.0
1693,22935,1464914415.0
559,6790,1464914450.0
1319,6818,1464914463.0
1933,21555,1464914478.0
683,6889,1464918015.0
656,6783,1464918034.0
996,6984,1464921608.0
1318,6910,1464921612.0
738,6789,1464921623.0
286,6886,1464921636.0
1868,6888,1464921638.0
277,6838,1464921649.0
1522,6974,1464921650.0
2014,8474,1464923399.0
254,7024,1464923422.0
518,6782,1464923423.0
702,6817,1464923425.0
1662,23204,1464923439.0
1503,6792,1464923442.0
502,6799,1464925207.0
1707,6858,1464925215.0
1882,6925,1464925226.0
914,6789,1464925234.0
1573,6777,1464925256.0
1169,6818,1464927003.0
200,6813,1464927005.0
213,6811,1464927011.0
1498,6795,1464928803.0
1548,6776,1464928828.0
119,14146,1464928840.0
1287,6790,1464930599.0
1911,6778,1464930611.0
128,6810,1464930614.0
70,23415,1464930618.0
1169,6818,1464930642.0
311,6866,1464932415.0
876,6920,1464934220.0
1311,6797,1464934223.0
1137,18142,1464935999.0
401,6790,1464936010.0
1482,6787,1464936012.0
1545,6984,1464936030.0
2093,6922,1464936040.0
516,6784,1464936044.0
1461,6783,1464936072.0
97,6911,1464937803.0
1012,6875,1464937805.0
178,6949,1464939599.0
1090,6783,1464941421.0
380,6792,1464941437.0
1969,9671,1464941448.0
1,7024,1464941462.0
778,6780,1464943200.0
1220,6859,1464943207.0
708,6783,1464943253.0
1970,6777,1464943257.0
771,6857,1464945008.0
762,7505,1464946814.0
1687,6820,1464946815.0
497,7038,1464946835.0
311,6866,1464948611.0
2037,6821,1464948639.0
789,6796,1464948646.0
1313,23919,1464948660.0
798,7058,1464948682.0
1396,6815,1464950405.0
1056,6780,1464950410.0
442,7035,1464950413.0
533,6791,1464950420.0
90,7008,1464950421.0
378,6914,1464950434.0
148,6974,1464952199.0
449,6778,1464952226.0
1498,6795,1464952228.0
1675,6787,1464952239.0
1969,9671,1464952245.0
1001,6949,1464952252.0
1658,6782,1464952257.0
2033,6791,1464952262.0
44,6853,1464952279.0
2066,6799,1464954011.0
1137,18142,1464954026.0
1026,24121,1464954030.0
861,6925,1464954032.0
1034,6794,1464954055.0
1379,18939,1464954069.0
1929,6800,1464957608.0
996,6984,1464957609.0
329,6914,1464957615.0
417,6789,1464957626.0
1693,22935,1464957653.0
1773,6859,1464957655.0
1034,6794,1464957664.0
546,6817,1464963006.0
391,6809,1464963018.0
1318,6910,1464963044.0
673,24372,1464964799.0
381,6911,1464964811.0
1035,6790,1464966604.0
1475,6922,1464966620.0
1085,6910,1464966633.0
1128,6792,1464968419.0
694,6821,1464968427.0
1658,6782,1464968435.0
199,6818,1464968442.0
1300,7008,1464968443.0
1573,6777,1464970201.0
1272,6777,1464970208.0
648,6781,1464972002.0
262,7022,1464973800.0
209,6784,1464973807.0
1137,18142,1464973831.0
1254,6819,1464973846.0
556,6809,1464977418.0
621,6914,1464977421.0
1324,6821,1464977439.0
1498,6795,1464979233.0
1688,7024,1464979251.0
936,6949,1464980999.0
194,6785,1464981016.0
578,7058,1464982812.0
2075,6854,1464986402.0
563,6789,1464986406.0
507,6813,1464986432.0
430,24967,1464990005.0
1070,6911,1464990011.0
2026,7104,1464991819.0
1427,18939,1464993604.0
1865,6795,1464993616.0
915,7104,1464993624.0
861,6925,1464993633.0
1166,6790,1464993637.0
365,6819,1464995406.0
1066,7028,1464995423.0
1959,6820,1464995433.0
250,7028,1464995435.0
1210,23919,1464995460.0
1975,6949,1464995480.0
986,6889,1464995481.0
630,6785,1464997213.0
712,6850,1464997223.0
1296,7443,1464997224.0
822,22935,1464997233.0
908,23919,1464997236.0
558,7007,1464997256.0
1127,7008,1464997260.0
2100,6791,1464999003.0
1114,6866,1464999017.0
876,6920,1465000804.0
1362,6984,1465000805.0
1254,6819,1465000808.0
996,6984,1465000813.0
969,7726,1465000814.0
1313,23919,1465002638.0
674,6778,1465004401.0
104,6795,1465004408.0
1503,6792,1465004416.0
423,6925,1465004441.0
1035,6790,1465004459.0
589,6889,1465006240.0
738,6789,1465006250.0
380,6792,1465008004.0
378,6914,1465008010.0
1246,6854,1465009817.0
621,6914,1465009824.0
1118,6850,1465009834.0
1556,6922,1465009839.0
1204,6776,1465011605.0
1265,6784,1465011613.0
2084,22551,1465011643.0
1997,6875,1465011665.0
1788,6925,1465011667.0
2033,6791,1465011688.0
853,7212,1465018804.0
1538,6854,1465018814.0
1276,6914,1465020604.0
1995,6925,1465020614.0
1472,19390,1465020621.0
1675,6787,1465020626.0
417,6789,1465020632.0
49,7443,1465020636.0
1559,6912,1465022412.0
1754,6810,1465022416.0
636,17406,1465022420.0
1153,7212,1465022424.0
110,6854,1465022443.0
447,6868,1465024202.0
789,6796,1465024208.0
431,6810,1465024218.0
2095,6889,1465024220.0
1996,6858,1465026001.0
759,6857,1465026004.0
2058,7505,1465026035.0
44,6853,1465026045.0
1287,6790,1465026050.0
674,6778,1465026051.0
1303,6777,1465026088.0
1318,6910,1465027801.0
1411,6854,1465027808.0
859,16274,1465029615.0
280,6956,1465031399.0
876,6920,1465031403.0
1849,6911,1465033204.0
1427,18939,1465033208.0
923,7432,1465033215.0
804,6819,1465033219.0
906,18939,1465033222.0
772,6797,1465033223.0
1955,6866,1465033226.0
886,6910,1465033227.0
1092,8903,1465033233.0
70,23415,1465033234.0
1919,6888,1465033235.0
923,7432,1465035006.0
1792,6792,1465035017.0
719,6792,1465035026.0
178,6949,1465035037.0
505,7212,1465035040.0
1305,6925,1465035041.0
1450,6794,1465036810.0
914,6789,1465036831.0
1087,6797,1465036846.0
521,6809,1465036852.0
950,6914,1465040403.0
380,6792,1465040408.0
229,6792,1465040420.0
1396,6815,1465040421.0
148,6974,1465040435.0
2006,6974,1465040441.0
2095,6889,1465040445.0
522,18142,1465040447.0
1416,26437,1465042204.0
1991,6850,1465042205.0
2050,6794,1465042220.0
558,7007,1465042224.0
1494,6859,1465042225.0
230,6853,1465042227.0
336,9079,1465044016.0
30,7008,1465044017.0
1665,6811,1465044029.0
1693,22935,1465044034.0
257,6792,1465044040.0
2075,6854,1465044042.0
1487,26541,1465044047.0
1933,21555,1465044067.0
1978,7212,1465045802.0
1658,6782,1465045817.0
288,6868,1465045829.0
497,7038,1465045837.0
843,6809,1465045853.0
1265,6784,1465045856.0
985,6925,1465045867.0
1034,6794,1465047614.0
1984,6795,1465047617.0
237,7104,1465047620.0
1509,6889,1465047631.0
199,6818,1465047655.0
1045,7058,1465047680.0
1451,6817,1465049405.0
669,6984,1465051214.0
252,6810,1465051215.0
1955,6866,1465051217.0
1995,6925,1465051235.0
1237,6819,1465051243.0
859,16274,1465051244.0
1566,16938,1465053019.0
500,6922,1465053030.0
1025,6920,1465053032.0
1276,6914,1465053041.0
1819,6838,1465053062.0
2011,6875,1465053069.0
923,7432,1465053073.0
1189,7280,1465053076.0
1219,6854,1465054817.0
1375,7022,1465058400.0
1008,7280,1465058404.0
1087,6797,1465058413.0
2064,7280,1465060200.0
546,6817,1465060217.0
853,7212,1465062003.0
438,6790,1465063804.0
516,6784,1465063812.0
801,6857,1465063830.0
265,6819,1465063834.0
1793,7058,1465063840.0
2034,6781,1465063877.0
1349,6792,1465065599.0
986,6889,1465065614.0
515,6821,1465065627.0
1688,7024,1465067402.0
681,7038,1465067405.0
1225,6850,1465067412.0
1789,6819,1465069212.0
224,27253,1465069217.0
1903,27257,1465069221.0
764,6785,1465069223.0
147,7726,1465069228.0
645,11208,1465069249.0
69,6853,1465069255.0
1126,6888,1465069263.0
1429,6776,1465071006.0
29,6813,1465071007.0
464,6888,1465071008.0
1941,6866,1465071019.0
759,6857,1465071026.0
1482,6787,1465071027.0
987,6925,1465072803.0
772,6797,1465072809.0
1598,6859,1465072815.0
667,6783,1465074603.0
380,6792,1465074647.0
2033,6791,1465074653.0
518,6782,1465074668.0
822,22935,1465076403.0
1709,6866,1465076419.0
333,6811,1465076426.0
284,16938,1465076429.0
894,7726,1465078200.0
1475,6922,1465078206.0
1665,6811,1465078214.0
1545,6984,1465078227.0
126,6888,1465078246.0
2089,6889,1465080002.0
1637,6796,1465080012.0
31,6783,1465080028.0
63,6784,1465080031.0
834,6819,1465080040.0
1302,7022,1465080067.0
437,6776,1465080071.0
804,6819,1465081799.0
1488,6951,1465081809.0
1741,6799,1465081811.0
986,6889,1465081824.0
631,6789,1465083600.0
254,7024,1465083602.0
621,6914,1465083632.0
708,6783,1465083633.0
2064,7280,1465083639.0
985,6925,1465083642.0
1037,6951,1465083644.0
702,6817,1465087211.0
1220,6859,1465089003.0
428,6886,1465089025.0
1773,6859,1465089042.0
250,7028,1465090807.0
1792,6792,1465090813.0
767,6791,1465090825.0
1256,6785,1465090835.0
667,6783,1465090853.0
738,6789,1465090857.0
1768,6891,1465090868.0
540,6783,1465090874.0
1179,22935,1465090881.0
1556,6922,1465092614.0
1311,6797,1465092618.0
1596,6791,1465092632.0
859,16274,1465092643.0
419,6858,1465092664.0
1253,7058,1465092668.0
993,19390,1465092669.0
1085,6910,1465096226.0
1995,6925,1465096232.0
1972,6789,1465096233.0
1035,6790,1465098010.0
1276,6914,1465098023.0
1882,6925,1465098024.0
661,7432,1465098025.0
131,6974,1465098026.0
259,9529,1465098038.0
1703,7035,1465099830.0
1984,6795,1465101613.0
14,6782,1465101624.0
681,7038,1465101625.0
1954,6819,1465101654.0
1051,6859,1465103405.0
1311,6797,1465103420.0
1509,6889,1465103424.0
1366,6810,1465103430.0
1378,6956,1465103436.0
616,15383,1465103439.0
1110,6973,1465103451.0
838,6889,1465103473.0
591,17406,1465105200.0
1874,6853,1465105208.0
1195,6974,1465105225.0
968,6911,1465105229.0
2034,6781,1465105236.0
1535,6795,1465105237.0
533,6791,1465105242.0
2065,6951,1465105244.0
2022,6783,1465105248.0
485,6951,1465107003.0
1318,6910,1465107011.0
789,6796,1465107045.0
63,6784,1465107058.0
2067,6784,1465108811.0
853,7212,1465108819.0
1996,6858,1465108837.0
1324,6821,1465110600.0
1068,6779,1465110630.0
812,6859,1465110635.0
1192,7212,1465110663.0
1129,6903,1465110668.0
914,6789,1465110672.0
1380,6778,1465112416.0
1295,7024,1465112440.0
1789,6819,1465112484.0
110,6854,1465114204.0
1908,6949,1465114215.0
1059,6811,1465114220.0
1285,7007,1465114233.0
982,7443,1465114234.0
645,11208,1465114238.0
701,6792,1465114243.0
2028,6888,1465114247.0
209,6784,1465116001.0
1672,6784,1465116015.0
320,27253,1465116037.0
476,6863,1465116041.0
1965,8474,1465116048.0
419,6858,1465116055.0
1596,6791,1465117828.0
1296,7443,1465119632.0
137,8205,1465121413.0
518,6782,1465123206.0
277,6838,1465123211.0
1817,7058,1465125010.0
319,6857,1465125018.0
621,6914,1465125020.0
1162,6974,1465125037.0
44,6853,1465125050.0
1074,6838,1465125056.0
1929,6800,1465125060.0
743,6922,1465126801.0
764,6785,1465126825.0
771,6857,1465126827.0
1693,22935,1465126850.0
1556,6922,1465128602.0
305,6943,1465128610.0
694,6821,1465128619.0
1,7024,1465128636.0
425,7443,1465128637.0
1768,6891,1465128641.0
629,7024,1465128643.0
917,6863,1465128646.0
1451,6817,1465130432.0
146,6850,1465130435.0
1703,7035,1465132199.0
286,6886,1465132233.0
2047,6889,1465132243.0
881,6974,1465132269.0
1935,6799,1465132276.0
994,15383,1465132282.0
740,6778,1465132294.0
350,6777,1465133999.0
14,6782,1465134006.0
1573,6777,1465134016.0
2095,6889,1465135801.0
1970,6777,1465137606.0
1839,6780,1465137630.0
1136,6859,1465137635.0
2030,6821,1465137643.0
951,6903,1465137653.0
40,6809,1465137654.0
1127,7008,1465137663.0
2075,6854,1465137667.0
1561,6796,1465137674.0
853,7212,1465137688.0
2004,6925,1465137693.0
368,6792,1465137696.0
683,6889,1465139401.0
2067,6784,1465139438.0
1225,6850,1465141200.0
283,6853,1465141207.0
412,6778,1465143002.0
1536,7505,1465146656.0
1472,19390,1465146690.0
199,6818,1465148415.0
1204,6776,1465148450.0
1705,7038,1465148451.0
1879,6797,1465148454.0
1095,6792,1465148480.0
237,7104,1465148481.0
128,6810,1465148483.0
1069,6857,1465150202.0
708,6783,1465150219.0
669,6984,1465150234.0
1396,6815,1465152000.0
430,24967,1465152008.0
125,6973,1465152009.0
1068,6779,1465152011.0
260,7270,1465152016.0
702,6817,1465152022.0
753,7726,1465152025.0
428,6886,1465152030.0
1408,6791,1465152040.0
1848,6949,1465153805.0
1256,6785,1465155601.0
977,9671,1465155603.0
1673,6818,1465155617.0
1538,6854,1465155625.0
88,6821,1465155627.0
629,7024,1465155634.0
764,6785,1465155648.0
534,30251,1465155652.0
501,6795,1465155658.0
1955,6866,1465157429.0
454,6791,1465159213.0
2041,6922,1465159219.0
40,6809,1465159238.0
230,6853,1465159239.0
2018,6820,1465159241.0
897,7280,1465159253.0
1311,6797,1465159284.0
241,7022,1465161016.0
1996,6858,1465161020.0
993,19390,1465161023.0
1559,6912,1465162816.0
447,6868,1465162832.0
2008,19390,1465162875.0
1452,6891,1465162878.0
14,6782,1465162880.0
674,6778,1465164608.0
639,6815,1465164618.0
1192,7212,1465164621.0
1137,18142,1465166431.0
1693,22935,1465166438.0
1189,7280,1465171805.0
283,6853,1465171811.0
394,6875,1465171816.0
489,7022,1465171818.0
730,6891,1465171825.0
162,8205,1465171827.0
1318,6910,1465173603.0
1070,6911,1465173606.0
1068,6779,1465175425.0
603,17406,1465175433.0
1128,6792,1465175466.0
1498,6795,1465175486.0
492,16274,1465175490.0
1839,6780,1465177202.0
1761,8903,1465177205.0
771,6857,1465177222.0
485,6951,1465177223.0
969,7726,1465179006.0
906,18939,1465179008.0
305,6943,1465180805.0
1625,24967,1465180806.0
1984,6795,1465180808.0
1014,6853,1465180811.0
712,6850,1465182612.0
254,7024,1465182613.0
2075,6854,1465182625.0
1107,6796,1465182647.0
450,6795,1465184412.0
373,6796,1465184419.0
804,6819,1465184428.0
198,7038,1465186199.0
2041,6922,1465186202.0
1497,6956,1465186227.0
540,6783,1465186230.0
1707,6858,1465188003.0
1287,6790,1465188018.0
442,7035,1465188021.0
917,6863,1465188041.0
1058,24372,1465188060.0
1095,6792,1465188075.0
1130,9529,1465188093.0
1879,6797,1465189832.0
108,6809,1465189834.0
929,6797,1465189835.0
977,9671,1465189845.0
1272,6777,1465189848.0
240,6783,1465189872.0
668,6781,1465189877.0
963,6850,1465189889.0
1907,6813,1465189893.0
1914,6819,1465191611.0
1941,6866,1465191616.0
2033,6791,1465191643.0
1854,12209,1465193402.0
162,8205,1465193409.0
812,6859,1465193413.0
1989,6782,1465193416.0
1116,7008,1465193425.0
1087,6797,1465193441.0
563,6789,1465193465.0
401,6790,1465193476.0
1566,16938,1465195200.0
1894,27253,1465195217.0
2065,6951,1465195221.0
1276,6914,1465197020.0
1740,7038,1465197023.0
2035,22551,1465200614.0
577,7270,1465202411.0
1192,7212,1465202417.0
645,11208,1465204204.0
283,6853,1465204213.0
2028,6888,1465204221.0
368,6792,1465204243.0
1937,7022,1465204256.0
30,7008,1465204263.0
513,6785,1465206011.0
673,24372,1465206013.0
71,6863,1465206027.0
1538,6854,1465206051.0
1707,6858,1465206052.0
505,7212,1465206055.0
29,6813,1465206076.0
2021,6920,1465209607.0
1313,23919,1465209609.0
135,12209,1465209613.0
1994,6858,1465209626.0
2021,6920,1465209646.0
222,6778,1465209650.0
407,6777,1465209674.0
368,6792,1465211401.0
229,6792,1465211413.0
1120,6903,1465213219.0
1687,6820,1465213221.0
104,6795,1465213234.0
1548,6776,1465213239.0
803,6911,1465215015.0
708,6783,1465215017.0
125,6973,1465215034.0
284,16938,1465215052.0
2066,6799,1465216800.0
1703,7035,1465216804.0
1056,6780,1465216839.0
69,6853,1465216845.0
286,6886,1465216855.0
627,6857,1465216867.0
1237,6819,1465216869.0
894,7726,1465216891.0
853,7212,1465216900.0
521,6809,1465218608.0
1396,6815,1465218618.0
733,6850,1465218627.0
1503,6792,1465218636.0
259,9529,1465218642.0
1335,6866,1465218651.0
1370,7212,1465218652.0
1932,22551,1465218664.0
2026,7104,1465218669.0
1259,6853,1465218676.0
1375,7022,1465218694.0
196,6789,1465218698.0
1583,18939,1465220407.0
1488,6951,1465220408.0
97,6911,1465220415.0
556,6809,1465220441.0
798,7058,1465220459.0
708,6783,1465220467.0
963,6850,1465220477.0
333,6811,1465222209.0
1026,24121,1465222229.0
1672,6784,1465222236.0
696,6943,1465222257.0
1244,6821,1465222278.0
1671,6858,1465224000.0
29,6813,1465224014.0
1069,6857,1465224028.0
554,6820,1465225800.0
458,6781,1465227608.0
922,7212,1465227612.0
1220,6859,1465227614.0
1741,6799,1465227615.0
1538,6854,1465227618.0
391,6809,1465227634.0
70,23415,1465227641.0
1001,6949,1465227678.0
1705,7038,1465231204.0
639,6815,1465231210.0
1256,6785,1465231217.0
516,6784,1465231220.0
1166,6790,1465231272.0
458,6781,1465231289.0
1574,6850,1465233001.0
1090,6783,1465233013.0
776,6795,1465233022.0
476,6863,1465233035.0
1907,6813,1465233040.0
1565,33007,1465233041.0
1107,6796,1465233045.0
1627,6784,1465233055.0
500,6922,1465234814.0
1659,6810,1465234818.0
1380,6778,1465234819.0
1215,12209,1465234849.0
1514,7212,1465234851.0
1188,7270,1465236603.0
265,6819,1465236632.0
1,7024,1465236636.0
1479,6794,1465236640.0
1617,7024,1465238403.0
419,6858,1465240199.0
333,6811,1465240215.0
2022,6783,1465241999.0
1272,6777,1465242012.0
971,6858,1465242014.0
2050,6794,1465242041.0
1313,23919,1465242052.0
513,6785,1465242061.0
147,7726,1465242073.0
1472,19390,1465243806.0
1598,6859,1465243811.0
489,7022,1465245606.0
1165,6914,1465247400.0
329,6914,1465247407.0
2083,6783,1465247408.0
1561,6796,1465247414.0
743,6922,1465247430.0
502,6799,1465249200.0
1608,6850,1465249240.0
897,7280,1465251001.0
804,6819,1465251002.0
616,15383,1465251021.0
2098,7443,1465251033.0
1997,6875,1465251058.0
1375,7022,1465251076.0
1550,6910,1465251097.0
2089,6889,1465251099.0
2021,6920,1465252809.0
1955,6866,1465252814.0
639,6815,1465252831.0
955,7104,1465252832.0
886,6910,1465256412.0
615,6777,1465256419.0
1096,6820,1465258203.0
1947,6799,1465260022.0
1256,6785,1465260026.0
1989,6782,1465261800.0
1010,6820,1465261817.0
512,6792,1465261826.0
1303,6777,1465261832.0
881,6974,1465261833.0
1114,6866,1465261858.0
906,18939,1465261862.0
772,6797,1465261865.0
679,6790,1465261866.0
448,21586,1465263626.0
615,6777,1465263631.0
391,6809,1465263632.0
2093,6922,1465263638.0
792,6779,1465263640.0
2016,15383,1465265417.0
505,7212,1465265431.0
1254,6819,1465265462.0
1033,6818,1465265480.0
709,6821,1465265499.0
789,6796,1465265507.0
250,7028,1465267201.0
1606,6780,1465267209.0
1882,6925,1465267237.0
1658,6782,1465267260.0
175,23415,1465267286.0
1336,7035,1465267293.0
1302,7022,1465269001.0
305,6943,1465269014.0
1556,6922,1465269027.0
1311,6797,1465269032.0
1427,18939,1465270804.0
507,6813,1465270808.0
1932,22551,1465270809.0
1792,6792,1465270826.0
110,6854,1465270863.0
1583,18939,1465270865.0
1789,6819,1465270881.0
1844,6956,1465272606.0
556,6809,1465274406.0
1503,6792,1465274415.0
401,6790,1465274422.0
679,6790,1465274437.0
1932,22551,1465274467.0
951,6903,1465276204.0
147,7726,1465276215.0
1609,6889,1465276218.0
1120,6903,1465276262.0
108,6809,1465276265.0
1525,7028,1465276288.0
1919,6888,1465276298.0
907,15383,1465276300.0
1268,6791,1465276301.0
1472,19390,1465277999.0
1059,6811,1465279802.0
461,6787,1465279804.0
2004,6925,1465279805.0
97,6911,1465279829.0
1959,6820,1465279857.0
656,6783,1465279867.0
1037,6951,1465279876.0
319,6857,1465281601.0
1758,6782,1465281603.0
733,6850,1465281610.0
428,6886,1465281626.0
69,6853,1465281627.0
1378,6956,1465283408.0
1127,7008,1465283412.0
1753,6791,1465283418.0
1300,7008,1465285216.0
166,7038,1465285226.0
1800,6785,1465285249.0
673,24372,1465285255.0
1859,34844,1465285285.0
1954,6819,1465287007.0
296,17406,1465287010.0
753,7726,1465287020.0
1316,12209,1465287036.0
31,6783,1465287039.0
489,7022,1465287046.0
1955,6866,1465287050.0
450,6795,1465287052.0
1116,7008,1465287055.0
240,6783,1465288800.0
472,21555,1465288807.0
894,7726,1465290599.0
216,6790,1465290607.0
1020,34969,1465290613.0
1509,6889,1465290624.0
333,6811,1465290639.0
1574,6850,1465290669.0
250,7028,1465290673.0
1137,18142,1465296015.0
1588,6776,1465296024.0
1450,6794,1465296030.0
1065,24372,1465296031.0
629,7024,1465296033.0
1908,6949,1465296060.0
1618,6821,1465296065.0
822,22935,1465297812.0
611,6809,1465297820.0
1950,6850,1465299605.0
1690,34844,1465299610.0
350,6777,1465299622.0
861,6925,1465299634.0
204,6789,1465299640.0
252,6810,1465299647.0
1319,6818,1465299670.0
1741,6799,1465299671.0
767,6791,1465301401.0
37,7104,1465301410.0
1599,6782,1465301412.0
1078,6795,1465301416.0
1048,6792,1465301417.0
263,6925,1465301427.0
1237,6819,1465301450.0
1859,34844,1465303220.0
798,7058,1465303222.0
1316,12209,1465303259.0
29,6813,1465303266.0
1195,6974,1465303269.0
1416,26437,1465303273.0
1882,6925,1465304999.0
744,6889,1465305006.0
639,6815,1465305008.0
49,7443,1465305015.0
1056,6780,1465305019.0
2021,6920,1465305035.0
1068,6779,1465306805.0
122,6914,1465308626.0
1819,6838,1465308632.0
425,7443,1465308651.0
683,6889,1465308663.0
1969,9671,1465308666.0
1536,7505,1465308671.0
1561,6796,1465308686.0
1283,9671,1465310407.0
1427,18939,1465310421.0
208,6858,1465310428.0
394,6875,1465310445.0
1096,6820,1465312205.0
597,6925,1465312215.0
329,6914,1465312235.0
859,16274,1465312243.0
1672,6784,1465312251.0
843,6809,1465315800.0
1085,6910,1465315820.0
709,6821,1465315832.0
1559,6912,1465315861.0
985,6925,1465315875.0
1356,6783,1465317601.0
1417,21555,1465317603.0
1035,6790,1465319408.0
2026,7104,1465321202.0
2084,22551,1465321244.0
216,6790,1465321256.0
904,7505,1465321264.0
426,6797,1465323009.0
1008,7280,1465323026.0
698,6781,1465323031.0
1497,6956,1465323035.0
1092,8903,1465323041.0
1950,6850,1465324842.0
1521,6794,1465324848.0
147,7726,1465324870.0
2100,6791,1465324872.0
1438,21555,1465324883.0
1847,6779,1465324885.0
2035,22551,1465326602.0
1769,7024,1465326630.0
1383,6777,1465326647.0
378,6914,1465326655.0
1682,8903,1465328409.0
9,6776,1465328413.0
286,6886,1465328444.0
1659,6810,1465330200.0
1965,8474,1465330218.0
1932,22551,1465330231.0
1259,6853,1465330238.0
1522,6974,1465332028.0
1349,6792,1465332038.0
712,6850,1465332042.0
556,6809,1465332044.0
1058,24372,1465332061.0
1,7024,1465332070.0
513,6785,1465335601.0
1005,6791,1465335611.0
772,6797,1465335630.0
533,6791,1465335643.0
639,6815,1465337404.0
1941,6866,1465337427.0
1705,7038,1465339199.0
1965,8474,1465339225.0
521,6809,1465339229.0
1126,6888,1465339236.0
1588,6776,1465339246.0
341,6780,1465339247.0
1954,6819,1465339249.0
1509,6889,1465339273.0
1442,12209,1465341002.0
1606,6780,1465341011.0
629,7024,1465341013.0
922,7212,1465341027.0
1219,6854,1465341041.0
1682,8903,1465341051.0
1287,6790,1465341078.0
476,6863,1465341082.0
2006,6974,1465342800.0
1179,22935,1465342837.0
1854,12209,1465344599.0
1074,6838,1465344646.0
280,6956,1465344662.0
298,26541,1465344669.0
1248,7058,1465346404.0
1773,6859,1465350035.0
373,6796,1465350036.0
1283,9671,1465351807.0
844,7443,1465351812.0
1461,6783,1465353599.0
1492,37228,1465353603.0
431,6810,1465353611.0
454,6791,1465353619.0
1869,27257,1465355400.0
1959,6820,1465355420.0
452,6891,1465355421.0
534,30251,1465355458.0
708,6783,1465355466.0
1047,6946,1465355472.0
505,7212,1465355476.0
696,6943,1465357203.0
1919,6888,1465357204.0
673,24372,1465357226.0
591,17406,1465357254.0
955,7104,1465357271.0
380,6792,1465357278.0
352,6863,1465359002.0
1130,9529,1465359014.0
1271,37480,1465359027.0
250,7028,1465359028.0
863,6811,1465359095.0
1868,6888,1465360835.0
251,16938,1465360847.0
1200,6777,1465362644.0
1561,6796,1465362658.0
492,16274,1465362659.0
803,6911,1465364403.0
859,16274,1465364404.0
1078,6795,1465364408.0
146,6850,1465366205.0
1865,6795,1465366221.0
1005,6791,1465368033.0
119,14146,1465369833.0
1873,6850,1465369841.0
1051,6859,1465369873.0
333,6811,1465369879.0
1212,7726,1465369881.0
1472,19390,1465369891.0
554,6820,1465369895.0
764,6785,1465378811.0
1999,6866,1465380602.0
803,6911,1465380607.0
1978,7212,1465382411.0
71,6863,1465382417.0
1179,22935,1465382418.0
738,6789,1465382427.0
448,21586,1465382439.0
512,6792,1465382453.0
685,7280,1465382459.0
744,6889,1465382481.0
502,6799,1465384207.0
1950,6850,1465384212.0
485,6951,1465384264.0
661,7432,1465384280.0
1869,27257,1465384282.0
1608,6850,1465385999.0
240,6783,1465386030.0
208,6858,1465386049.0
1152,6922,1465386065.0
1937,7022,1465386067.0
104,6795,1465386077.0
1356,6783,1465386080.0
294,6783,1465387806.0
1429,6776,1465387807.0
694,6821,1465387811.0
1416,26437,1465387814.0
62,6792,1465387850.0
461,6787,1465387857.0
838,6889,1465387870.0
1136,6859,1465387872.0
402,15383,1465389614.0
237,7104,1465389631.0
1990,23415,1465393219.0
1975,6949,1465393235.0
740,6778,1465393239.0
1994,6858,1465393250.0
9,6776,1465393266.0
1839,6780,1465393276.0
861,6925,1465395003.0
1800,6785,1465396802.0
683,6889,1465396803.0
1784,6949,1465396805.0
844,7443,1465396828.0
1215,12209,1465396832.0
286,6886,1465398606.0
763,6794,1465398608.0
792,6779,1465400425.0
1059,6811,1465400427.0
834,6819,1465400429.0
521,6809,1465400437.0
2070,16938,1465400441.0
464,6888,1465400444.0
1068,6779,1465402204.0
1396,6815,1465402216.0
629,7024,1465402221.0
1253,7058,1465402222.0
1427,18939,1465402224.0
1219,6854,1465402232.0
515,6821,1465402234.0
876,6920,1465402238.0
1092,8903,1465402241.0
738,6789,1465402242.0
1955,6866,1465402245.0
482,6787,1465402248.0
1919,6888,1465402250.0
986,6889,1465403999.0
558,7007,1465404005.0
1303,6777,1465404007.0
1981,19390,1465404009.0
915,7104,1465404028.0
554,6820,1465404033.0
1718,6914,1465404034.0
2050,6794,1465404035.0
2023,6850,1465405823.0
1920,6956,1465405830.0
1302,7022,1465405831.0
226,6811,1465407616.0
128,6810,1465407619.0
497,7038,1465407629.0
500,6922,1465407638.0
296,17406,1465407644.0
812,6859,1465407653.0
2093,6922,1465407672.0
1687,6820,1465407673.0
1604,7058,1465407695.0
287,37228,1465409406.0
378,6914,1465409424.0
1503,6792,1465411211.0
814,14146,1465411216.0
1559,6912,1465411243.0
656,6783,1465416599.0
1604,7058,1465416612.0
1508,6912,1465416619.0
319,6857,1465418411.0
2075,6854,1465418438.0
1617,7024,1465418442.0
166,7038,1465418447.0
1137,18142,1465418486.0
1318,6910,1465420217.0
1506,6780,1465420222.0
1586,27253,1465422010.0
1408,6791,1465422013.0
1755,6799,1465422015.0
615,6777,1465422058.0
993,19390,1465422068.0
229,6792,1465422075.0
1992,39568,1465422091.0
333,6811,1465422112.0
1073,6811,1465423800.0
1429,6776,1465423809.0
207,24372,1465423865.0
1311,6797,1465423882.0
119,14146,1465423883.0
1087,6797,1465423885.0
1429,6776,1465427423.0
361,6886,1465427425.0
1991,6850,1465427434.0
853,7212,1465427448.0
458,6781,1465429211.0
1903,27257,1465431031.0
986,6889,1465432803.0
29,6813,1465432807.0
712,6850,1465432808.0
309,18939,1465432845.0
660,39568,1465432854.0
1626,6778,1465432875.0
789,6796,1465432878.0
262,7022,1465432896.0
642,6920,1465432898.0
1548,6776,1465432901.0
1983,6794,1465432903.0
1189,7280,1465434604.0
886,6910,1465436422.0
303,6813,1465436426.0
365,6819,1465436430.0
2030,6821,1465436436.0
1941,6866,1465436466.0
820,22785,1465436469.0
1907,6813,1465438200.0
589,6889,1465438204.0
62,6792,1465440026.0
996,6984,1465440028.0
923,7432,1465440037.0
1969,9671,1465440040.0
194,6785,1465441803.0
1427,18939,1465441805.0
1438,21555,1465441806.0
645,11208,1465441813.0
224,27253,1465441823.0
776,6795,1465441824.0
1164,12209,1465441843.0
1659,6810,1465441855.0
975,6974,1465441859.0
656,6783,1465441862.0
88,6821,1465441877.0
1494,6859,1465443601.0
71,6863,1465443602.0
1526,22551,1465443613.0
683,6889,1465443625.0
260,7270,1465445402.0
603,17406,1465445409.0
128,6810,1465445437.0
1169,6818,1465447207.0
648,6781,1465447215.0
656,6783,1465447221.0
1400,7028,1465447227.0
1035,6790,1465447241.0
1047,6946,1465447247.0
994,15383,1465447263.0
1125,6792,1465449026.0
1398,6780,1465449051.0
534,30251,1465449053.0
1354,6789,1465449057.0
189,6920,1465449064.0
1545,6984,1465450832.0
1478,18939,1465450840.0
577,7270,1465452602.0
1525,7028,1465452606.0
445,22935,1465452608.0
900,40690,1465454400.0
1497,6956,1465454407.0
1472,19390,1465454410.0
80,6791,1465454432.0
37,7104,1465454448.0
155,7008,1465454450.0
1029,7024,1465454453.0
544,6800,1465454466.0
1010,6820,1465456205.0
388,6795,1465456213.0
1920,6956,1465458002.0
1092,8903,1465458012.0
148,6974,1465458016.0
778,6780,1465458018.0
814,14146,1465458032.0
1740,7038,1465459832.0
1671,6858,1465459835.0
762,7505,1465459843.0
1515,6776,1465461632.0
1638,7347,1465461642.0
102,18939,1465461645.0
2014,8474,1465461655.0
286,6886,1465461669.0
1189,7280,1465461670.0
1548,6776,1465461671.0
522,18142,1465463402.0
798,7058,1465463405.0
708,6783,1465463444.0
204,6789,1465463445.0
472,21555,1465465199.0
1451,6817,1465465205.0
214,6779,1465465209.0
1412,6820,1465465213.0
1625,24967,1465465222.0
368,6792,1465465234.0
1248,7058,1465465238.0
1212,7726,1465465242.0
1220,6859,1465465253.0
373,6796,1465467039.0
2058,7505,1465468799.0
1296,7443,1465468804.0
1682,8903,1465468812.0
1068,6779,1465468849.0
1157,7028,1465468882.0
814,14146,1465468890.0
449,6778,1465468893.0
29,6813,1465468894.0
1124,6779,1465468899.0
2011,6875,1465468905.0
843,6809,1465468912.0
438,6790,1465470612.0
1873,6850,1465470619.0
1488,6951,1465472401.0
1883,6779,1465472413.0
694,6821,1465472417.0
146,6850,1465472432.0
724,6956,1465472437.0
459,6778,1465472438.0
341,6780,1465472447.0
294,6783,1465472473.0
1854,12209,1465476000.0
914,6789,1465476001.0
1168,23204,1465476011.0
1933,21555,1465476012.0
1324,6821,1465476014.0
194,6785,1465476018.0
1385,7008,1465476037.0
2028,6888,1465476042.0
426,6797,1465476054.0
839,6792,1465476069.0
986,6889,1465476088.0
770,18142,1465477801.0
1128,6792,1465477815.0
2084,22551,1465479628.0
131,6974,1465479651.0
2064,7280,1465479665.0
2016,15383,1465481412.0
345,6914,1465481423.0
606,8474,1465481436.0
1593,6974,1465485013.0
993,19390,1465485026.0
1506,6780,1465485035.0
904,7505,1465485062.0
792,6779,1465485082.0
388,6795,1465486812.0
1237,6819,1465488618.0
1241,6785,1465488625.0
751,6809,1465488630.0
80,6791,1465488660.0
1110,6973,1465488680.0
1638,7347,1465488690.0
533,6791,1465490400.0
146,6850,1465490401.0
615,6777,1465490402.0
298,26541,1465490430.0
1503,6792,1465490446.0
834,6819,1465490450.0
2041,6922,1465490461.0
1659,6810,1465490467.0
136,6795,1465490482.0
1429,6776,1465492205.0
1085,6910,1465492241.0
240,6783,1465492255.0
994,15383,1465492262.0
639,6815,1465492273.0
63,6784,1465492279.0
822,22935,1465492280.0
1319,6818,1465495799.0
869,6809,1465495805.0
648,6781,1465495818.0
776,6795,1465495821.0
125,6973,1465495825.0
908,23919,1465495833.0
1114,6866,1465495844.0
454,6791,1465497624.0
1911,6778,1465497626.0
348,27257,1465497633.0
2065,6951,1465497637.0
1032,6779,1465497664.0
668,6781,1465497668.0
2033,6791,1465497669.0
461,6787,1465499406.0
1587,6780,1465499414.0
1800,6785,1465499421.0
1047,6946,1465499430.0
417,6789,1465499440.0
1865,6795,1465499448.0
2021,6920,1465499449.0
1164,12209,1465501231.0
1627,6784,1465501233.0
702,6817,1465501267.0
1153,7212,1465501315.0
401,6790,1465501321.0
1400,7028,1465503002.0
1056,6780,1465503005.0
1372,6866,1465503006.0
102,18939,1465504815.0
1508,6912,1465504817.0
759,6857,1465504834.0
603,17406,1465506599.0
545,6838,1465506600.0
1515,6776,1465506611.0
733,6850,1465506664.0
230,6853,1465508432.0
589,6889,1465508433.0
476,6863,1465508447.0
431,6810,1465508460.0
738,6789,1465510215.0
1671,6858,1465510241.0
1484,6790,1465510246.0
1509,6889,1465510249.0
341,6780,1465510250.0
1428,6984,1465511999.0
226,6811,1465512001.0
1687,6820,1465513802.0
1844,6956,1465513821.0
1561,6796,1465513840.0
1816,6946,1465513842.0
554,6820,1465513863.0
719,6792,1465513878.0
1608,6850,1465513883.0
1295,7024,1465513890.0
1929,6800,1465513894.0
631,6789,1465513900.0
2037,6821,1465515616.0
70,23415,1465515619.0
1344,40690,1465515625.0
951,6903,1465515637.0
428,6886,1465515652.0
438,6790,1465515661.0
1034,6794,1465515669.0
1596,6791,1465517445.0
1618,6821,1465517465.0
1118,6850,1465521015.0
1134,6815,1465521017.0
630,6785,1465521021.0
1854,12209,1465521040.0
513,6785,1465521049.0
894,7726,1465521054.0
1659,6810,1465522814.0
1370,7212,1465522839.0
1084,6778,1465522844.0
1035,6790,1465522855.0
2014,8474,1465522882.0
767,6791,1465524627.0
2066,6799,1465524635.0
1107,6796,1465524643.0
546,6817,1465526402.0
556,6809,1465526408.0
1873,6850,1465526409.0
1240,11208,1465526441.0
2035,22551,1465526447.0
483,6779,1465526460.0
2067,6784,1465526480.0
712,6850,1465528241.0
352,6863,1465528245.0
110,6854,1465528267.0
1087,6797,1465530001.0
1127,7008,1465530007.0
1188,7270,1465530023.0
1136,6859,1465530034.0
1362,6984,1465530043.0
1879,6797,1465530053.0
1454,6776,1465530060.0
122,6914,1465530094.0
1989,6782,1465530105.0
1672,6784,1465531809.0
648,6781,1465531833.0
1482,6787,1465533601.0
1008,7280,1465533607.0
1253,7058,1465533620.0
1383,6777,1465533621.0
1545,6984,1465535407.0
1070,6911,1465535420.0
262,7022,1465535434.0
485,6951,1465535460.0
751,6809,1465537210.0
1162,6974,1465537211.0
2058,7505,1465537223.0
103,6868,1465537233.0
1896,6974,1465537236.0
999,6780,1465537264.0
1554,6780,1465537286.0
616,15383,1465537289.0
1168,23204,1465539011.0
1789,6819,1465539018.0
1385,7008,1465539019.0
104,6795,1465539050.0
985,6925,1465539070.0
1120,6903,1465540803.0
1318,6910,1465540810.0
1078,6795,1465542631.0
1398,6780,1465544403.0
1452,6891,1465544424.0
1617,7024,1465544429.0
1688,7024,1465544438.0
576,6922,1465544446.0
368,6792,1465544500.0
1488,6951,1465546199.0
1970,6777,1465546200.0
513,6785,1465546213.0
1272,6777,1465546223.0
681,7038,1465546224.0
507,6813,1465546242.0
352,6863,1465546244.0
778,6780,1465546248.0
1383,6777,1465546260.0
558,7007,1465548001.0
9,6776,1465548002.0
483,6779,1465548024.0
1593,6974,1465548039.0
259,9529,1465549803.0
201,6974,1465551604.0
1372,6866,1465551631.0
1929,6800,1465553415.0
1990,23415,1465553419.0
1605,7505,1465555204.0
482,6787,1465555222.0
615,6777,1465555246.0
1362,6984,1465555249.0
1521,6794,1465557000.0
371,7104,1465557010.0
425,7443,1465557016.0
472,21555,1465557040.0
1008,7280,1465557047.0
1817,7058,1465558799.0
492,16274,1465558817.0
1316,12209,1465558819.0
547,7726,1465558824.0
1509,6889,1465558892.0
1212,7726,1465558897.0
1462,6889,1465558899.0
1914,6819,1465560601.0
1107,6796,1465560630.0
563,6789,1465562407.0
606,8474,1465562413.0
645,11208,1465562416.0
391,6809,1465562435.0
1753,6791,1465564202.0
88,6821,1465564205.0
557,6853,1465564223.0
230,6853,1465564231.0
1579,6790,1465564233.0
545,6838,1465564243.0
955,7104,1465564304.0
1256,6785,1465566007.0
90,7008,1465566009.0
31,6783,1465566021.0
1788,6925,1465566039.0
110,6854,1465566046.0
1583,18939,1465567832.0
694,6821,1465567848.0
430,24967,1465569607.0
311,6866,1465569624.0
971,6858,1465569652.0
1398,6780,1465569655.0
450,6795,1465569657.0
241,7022,1465569682.0
996,6984,1465571400.0
560,6925,1465571402.0
1225,6850,1465571431.0
1561,6796,1465571436.0
668,6781,1465571438.0
454,6791,1465573203.0
587,24121,1465573209.0
1318,6910,1465573229.0
309,18939,1465573238.0
1941,6866,1465573241.0
993,19390,1465573273.0
1550,6910,1465573279.0
1236,6973,1465573280.0
702,6817,1465573283.0
1892,23919,1465573289.0
1429,6776,1465573292.0
1065,24372,1465573299.0
1035,6790,1465575003.0
863,6811,1465578612.0
1598,6859,1465578632.0
110,6854,1465578636.0
378,6914,1465580399.0
751,6809,1465580413.0
137,8205,1465580418.0
135,12209,1465582228.0
724,6956,1465582240.0
174,6819,1465582250.0
1036,22935,1465582257.0
1492,37228,1465582261.0
1626,6778,1465582281.0
207,24372,1465582290.0
1268,6791,1465584015.0
1554,6780,1465584020.0
333,6811,1465584023.0
797,7432,1465584045.0
1761,8903,1465585810.0
1469,6799,1465585821.0
1070,6911,1465585829.0
743,6922,1465585832.0
1287,6790,1465585868.0
843,6809,1465585875.0
533,6791,1465589411.0
1152,6922,1465589444.0
1959,6820,1465589459.0
834,6819,1465591203.0
250,7028,1465591215.0
449,6778,1465593001.0
698,6781,1465593006.0
547,7726,1465593018.0
1817,7058,1465593041.0
1096,6820,1465593097.0
368,6792,1465593112.0
1479,6794,1465594802.0
792,6779,1465594822.0
1991,6850,1465594823.0
1454,6776,1465594832.0
776,6795,1465594838.0
822,22935,1465594844.0
412,6778,1465594845.0
559,6790,1465594862.0
2093,6922,1465594868.0
1258,7058,1465594874.0
1494,6859,1465594888.0
190,33007,1465594896.0
1800,6785,1465594912.0
797,7432,1465594926.0
1484,6790,1465594927.0
329,6914,1465596602.0
1179,22935,1465596608.0
1254,6819,1465596644.0
853,7212,1465596663.0
611,6809,1465596669.0
170,9529,1465596671.0
2083,6783,1465596674.0
1753,6791,1465598403.0
1118,6850,1465598412.0
2008,19390,1465598415.0
214,6779,1465598423.0
1894,27253,1465598452.0
1879,6797,1465598459.0
1525,7028,1465598466.0
792,6779,1465598467.0
1396,6815,1465598471.0
967,6783,1465598487.0
1919,6888,1465598498.0
1675,6787,1465602006.0
1247,6912,1465603810.0
1005,6791,1465603812.0
1625,24967,1465605600.0
985,6925,1465605605.0
1736,6838,1465605618.0
1441,6782,1465605638.0
621,6914,1465605639.0
34,27257,1465607447.0
1472,19390,1465607461.0
1068,6779,1465607464.0
2057,12209,1465609205.0
686,24372,1465609211.0
730,6891,1465609236.0
743,6922,1465609243.0
2066,6799,1465609246.0
1137,18142,1465609266.0
378,6914,1465609271.0
1212,7726,1465609274.0
971,6858,1465609280.0
578,7058,1465609281.0
350,6777,1465611007.0
556,6809,1465611016.0
1052,39568,1465611031.0
371,7104,1465611032.0
250,7028,1465611057.0
606,8474,1465611060.0
876,6920,1465612808.0
1349,6792,1465612833.0
744,6889,1465614606.0
1800,6785,1465614609.0
923,7432,1465614611.0
1020,34969,1465614612.0
2016,15383,1465614620.0
1164,12209,1465614634.0
907,15383,1465614653.0
1932,22551,1465614675.0
1494,6859,1465614701.0
34,27257,1465616409.0
1554,6780,1465616423.0
461,6787,1465616426.0
1793,7058,1465616427.0
1311,6797,1465616442.0
178,6949,1465616447.0
226,6811,1465616448.0
237,7104,1465616450.0
1451,6817,1465616458.0
108,6809,1465616460.0
987,6925,1465616483.0
148,6974,1465616492.0
458,6781,1465618207.0
1662,23204,1465618221.0
2018,6820,1465618224.0
770,18142,1465618257.0
1412,6820,1465618261.0
518,6782,1465618274.0
2026,7104,1465618289.0
1538,6854,1465620015.0
1141,6790,1465620024.0
1378,6956,1465620037.0
62,6792,1465621817.0
908,23919,1465621860.0
1556,6922,1465621874.0
224,27253,1465621892.0
839,6792,1465621896.0
296,17406,1465623628.0
1362,6984,1465623647.0
401,6790,1465623667.0
1001,6949,1465623671.0
1548,6776,1465625435.0
270,6838,1465625447.0
1574,6850,1465625505.0
1070,6911,1465627230.0
1638,7347,1465627231.0
578,7058,1465627251.0
268,34844,1465627255.0
483,6779,1465627261.0
1379,18939,1465627265.0
1894,27253,1465627283.0
1305,6925,1465627295.0
897,7280,1465629064.0
1498,6795,1465630806.0
838,6889,1465630815.0
277,6838,1465630848.0
1604,7058,1465630875.0
686,24372,1465630889.0
1247,6912,1465630897.0
260,7270,1465630903.0
110,6854,1465630912.0
1045,7058,1465632610.0
1074,6838,1465634414.0
661,7432,1465634420.0
1550,6910,1465634436.0
1602,17406,1465634445.0
1225,6850,1465634454.0
237,7104,1465634464.0
137,8205,1465636216.0
1816,6946,1465638002.0
1212,7726,1465638010.0
1168,23204,1465638011.0
557,6853,1465638012.0
1970,6777,1465638060.0
900,40690,1465639813.0
1411,6854,1465639837.0
556,6809,1465639848.0
1587,6780,1465639853.0
1268,6791,1465639863.0
929,6797,1465641647.0
2096,6784,1465641648.0
1115,48448,1465643444.0
1910,16938,1465645227.0
582,24121,1465645235.0
532,6859,1465647004.0
407,6777,1465647007.0
1271,37480,1465647012.0
1817,7058,1465647042.0
1096,6820,1465647065.0
419,6858,1465648800.0
2023,6850,1465648802.0
1315,6809,1465648803.0
1370,7212,1465648809.0
520,8903,1465648816.0
1059,6811,1465648831.0
489,7022,1465648842.0
1859,34844,1465648844.0
1665,6811,1465648855.0
208,6858,1465648871.0
1078,6795,1465648881.0
1200,6777,1465650601.0
476,6863,1465652411.0
84,48730,1465652415.0
1427,18939,1465654228.0
1020,34969,1465654229.0
136,6795,1465654244.0
96,6914,1465654246.0
1997,6875,1465656010.0
789,6796,1465656030.0
201,6974,1465657809.0
1536,7505,1465657827.0
1593,6974,1465657838.0
1220,6859,1465657860.0
724,6956,1465657862.0
740,6778,1465657863.0
1450,6794,1465657864.0
814,14146,1465657898.0
1058,24372,1465659599.0
308,6777,1465659673.0
1953,7104,1465661411.0
1516,49085,1465661413.0
950,6914,1465661437.0
1052,39568,1465661481.0
1248,7058,1465661483.0
437,6776,1465661506.0
250,7028,1465661507.0
1442,12209,1465661525.0
27,34844,1465661529.0
63,6784,1465663228.0
262,7022,1465665009.0
1276,6914,1465665056.0
448,21586,1465665058.0
24,6922,1465666801.0
31,6783,1465666802.0
442,7035,1465666809.0
222,6778,1465666819.0
260,7270,1465666823.0
1658,6782,1465670414.0
533,6791,1465670435.0
44,6853,1465672206.0
1065,24372,1465672216.0
388,6795,1465672220.0
558,7007,1465674000.0
464,6888,1465674006.0
925,7280,1465674016.0
1115,48448,1465674029.0
280,6956,1465674040.0
881,6974,1465674046.0
1627,6784,1465674054.0
500,6922,1465674076.0
1675,6787,1465674093.0
1037,6951,1465675800.0
1084,6778,1465675821.0
1428,6984,1465675826.0
991,6974,1465675836.0
865,6818,1465675849.0
361,6886,1465675860.0
1451,6817,1465675872.0
950,6914,1465675886.0
1755,6799,1465675900.0
1108,6821,1465675905.0
80,6791,1465675921.0
1559,6912,1465677621.0
1475,6922,1465677627.0
1626,6778,1465677640.0
1995,6925,1465677646.0
454,6791,1465677675.0
1874,6853,1465679409.0
1352,6817,1465679417.0
1212,7726,1465679427.0
967,6783,1465679440.0
1005,6791,1465679456.0
230,6853,1465679467.0
2075,6854,1465679486.0
237,7104,1465679492.0
1305,6925,1465679500.0
1675,6787,1465681205.0
1268,6791,1465681214.0
1498,6795,1465681229.0
1302,7022,1465681262.0
906,18939,1465681282.0
2081,27253,1465681318.0
110,6854,1465681322.0
1366,6810,1465682999.0
1090,6783,1465684799.0
426,6797,1465686606.0
1488,6951,1465686637.0
182,37480,1465686640.0
996,6984,1465686644.0
669,6984,1465686645.0
674,6778,1465686654.0
1950,6850,1465686660.0
1056,6780,1465686666.0
1225,6850,1465686687.0
2060,6778,1465688404.0
560,6925,1465688414.0
1639,7432,1465688423.0
213,6811,1465688427.0
1954,6819,1465690199.0
2080,7024,1465693810.0
277,6838,1465693821.0
950,6914,1465693842.0
162,8205,1465693873.0
147,7726,1465693884.0
1152,6922,1465693916.0
744,6889,1465695618.0
1503,6792,1465695630.0
287,37228,1465695641.0
1034,6794,1465695643.0
851,6783,1465695660.0
1902,6785,1465695664.0
915,7104,1465695665.0
1150,7028,1465695690.0
1319,6818,1465697399.0
136,6795,1465697400.0
610,6820,1465697407.0
951,6903,1465697444.0
1136,6859,1465699217.0
545,6838,1465699223.0
2011,6875,1465699225.0
2028,6888,1465699273.0
401,6790,1465699283.0
587,24121,1465699289.0
1994,6858,1465699293.0
417,6789,1465699297.0
1831,6821,1465699307.0
1626,6778,1465701031.0
1816,6946,1465702806.0
1119,6791,1465702818.0
430,24967,1465702826.0
31,6783,1465702827.0
683,6889,1465702839.0
402,15383,1465702860.0
701,6792,1465702862.0
1038,6790,1465702883.0
1521,6794,1465702896.0
660,39568,1465702898.0
1625,24967,1465702915.0
786,24121,1465706409.0
1204,6776,1465706412.0
562,6811,1465706427.0
1047,6946,1465708223.0
1118,6850,1465708224.0
489,7022,1465708231.0
975,6974,1465708234.0
2022,6783,1465709999.0
642,6920,1465710003.0
230,6853,1465711808.0
1583,18939,1465711812.0
838,6889,1465711824.0
2033,6791,1465711835.0
2081,27253,1465711843.0
1471,48730,1465713599.0
1385,7008,1465713610.0
1272,6777,1465713626.0
1935,6799,1465713634.0
1036,22935,1465713659.0
1497,6956,1465715408.0
1284,6818,1465715417.0
1069,6857,1465715421.0
361,6886,1465715430.0
2034,6781,1465715448.0
1755,6799,1465717218.0
452,6891,1465717229.0
1599,6782,1465717257.0
448,21586,1465717272.0
1782,6875,1465717290.0
178,6949,1465717300.0
196,6789,1465717308.0
1535,6795,1465717321.0
1274,6800,1465717324.0
464,6888,1465719013.0
1903,27257,1465719021.0
621,6914,1465719057.0
963,6850,1465719071.0
532,6859,1465719082.0
1945,8205,1465719087.0
373,6796,1465720835.0
1012,6875,1465720843.0
1919,6888,1465720853.0
305,6943,1465720877.0
87,7104,1465722604.0
1819,6838,1465722652.0
771,6857,1465722674.0
1983,6794,1465722692.0
1310,22785,1465724402.0
1968,11208,1465724439.0
2030,6821,1465724446.0
908,23919,1465724447.0
1295,7024,1465726199.0
1014,6853,1465726202.0
319,6857,1465727999.0
1494,6859,1465728009.0
1627,6784,1465728014.0
1882,6925,1465728020.0
1110,6973,1465728032.0
1981,19390,1465728057.0
1253,7058,1465728074.0
1602,17406,1465728104.0
499,6891,1465729821.0
1688,7024,1465729827.0
544,6800,1465729828.0
1058,24372,1465729845.0
909,6780,1465729849.0
1847,6779,1465729867.0
214,6779,1465729897.0
391,6809,1465733401.0
1488,6951,1465733413.0
320,27253,1465733426.0
857,6858,1465735222.0
2033,6791,1465735263.0
1598,6859,1465735271.0
685,7280,1465735288.0
914,6789,1465735290.0
1229,7280,1465737020.0
501,6795,1465738807.0
1345,7347,1465738815.0
14,6782,1465740624.0
562,6811,1465740646.0
137,8205,1465740648.0
1010,6820,1465740657.0
1839,6780,1465740696.0
298,26541,1465740716.0
200,6813,1465742409.0
1606,6780,1465744210.0
110,6854,1465744251.0
1975,6949,1465744254.0
1709,6866,1465744269.0
1400,7028,1465744271.0
1219,6854,1465744276.0
1026,24121,1465745999.0
917,6863,1465746003.0
287,37228,1465746006.0
102,18939,1465746023.0
1302,7022,1465746026.0
170,9529,1465746063.0
248,9079,1465746081.0
1136,6859,1465746089.0
131,6974,1465746093.0
9,6776,1465746117.0
229,6792,1465746118.0
985,6925,1465747799.0
1548,6776,1465747811.0
1469,6799,1465747816.0
1450,6794,1465747828.0
1920,6956,1465747864.0
1586,27253,1465749605.0
1859,34844,1465751402.0
762,7505,1465751410.0
521,6809,1465751411.0
1569,6868,1465751418.0
2084,22551,1465751419.0
996,6984,1465751424.0
1972,6789,1465751432.0
759,6857,1465751459.0
876,6920,1465751490.0
591,17406,1465751491.0
2100,6791,1465751503.0
49,7443,1465751511.0
1035,6790,1465751512.0
603,17406,1465751513.0
69,6853,1465753206.0
951,6903,1465753207.0
1204,6776,1465753209.0
1537,6914,1465753230.0
1178,9079,1465753236.0
1488,6951,1465753240.0
582,24121,1465753242.0
2081,27253,1465753243.0
1009,9529,1465753252.0
1935,6799,1465753255.0
216,6790,1465753267.0
254,7024,1465753286.0
1981,19390,1465753297.0
2058,7505,1465753311.0
1385,7008,1465755000.0
822,22935,1465755004.0
108,6809,1465755006.0
135,12209,1465756806.0
1545,6984,1465756809.0
712,6850,1465756810.0
1225,6850,1465756836.0
1452,6891,1465756864.0
166,7038,1465756876.0
1975,6949,1465758605.0
1372,6866,1465758624.0
461,6787,1465758628.0
1586,27253,1465760410.0
1561,6796,1465762201.0
861,6925,1465762207.0
419,6858,1465764030.0
545,6838,1465764031.0
1600,53235,1465764054.0
1800,6785,1465764058.0
776,6795,1465764076.0
1265,6784,1465764079.0
1154,6854,1465765830.0
1673,6818,1465765836.0
1907,6813,1465765863.0
294,6783,1465765882.0
897,7280,1465765887.0
1494,6859,1465765899.0
40,6809,1465765912.0
1168,23204,1465765915.0
495,6791,1465765917.0
1118,6850,1465767621.0
319,6857,1465767622.0
1124,6779,1465767625.0
1120,6903,1465767645.0
226,6811,1465767646.0
936,6949,1465767649.0
1326,53495,1465767661.0
88,6821,1465769426.0
546,6817,1465769434.0
616,15383,1465769468.0
642,6920,1465769481.0
994,15383,1465769483.0
1318,6910,1465769484.0
683,6889,1465769493.0
1085,6910,1465769500.0
259,9529,1465769516.0
1598,6859,1465771224.0
914,6789,1465771237.0
1178,9079,1465771241.0
792,6779,1465771247.0
1535,6795,1465771256.0
952,23919,1465771278.0
822,22935,1465771279.0
2026,7104,1465774812.0
1433,6853,1465774825.0
1955,6866,1465774831.0
2081,27253,1465776630.0
344,22785,1465778399.0
250,7028,1465778402.0
452,6891,1465778409.0
1254,6819,1465778421.0
419,6858,1465778425.0
559,6790,1465778432.0
63,6784,1465780222.0
417,6789,1465780230.0
753,7726,1465780300.0
1361,6974,1465780301.0
545,6838,1465780306.0
1482,6787,1465785624.0
1285,7007,1465785634.0
2065,6951,1465787404.0
1200,6777,1465787414.0
1550,6910,1465787420.0
1229,7280,1465787434.0
1300,7008,1465787446.0
915,7104,1465787464.0
1241,6785,1465787471.0
804,6819,1465787482.0
994,15383,1465787484.0
14,6782,1465787494.0
902,6984,1465789212.0
401,6790,1465789223.0
1356,6783,1465789240.0
963,6850,1465789244.0
738,6789,1465789294.0
639,6815,1465791001.0
1012,6875,1465791011.0
1036,22935,1465791028.0
751,6809,1465791036.0
2065,6951,1465791046.0
1240,11208,1465791058.0
521,6809,1465791095.0
2023,6850,1465791102.0
925,7280,1465791104.0
309,18939,1465791106.0
182,37480,1465791112.0
497,7038,1465792801.0
890,7726,1465792821.0
1868,6888,1465792822.0
1051,6859,1465792825.0
189,6920,1465794601.0
1058,24372,1465794602.0
103,6868,1465794622.0
754,7212,1465794650.0
417,6789,1465794663.0
1010,6820,1465794666.0
1659,6810,1465794694.0
1032,6779,1465794697.0
1114,6866,1465794725.0
1075,12209,1465794728.0
1992,39568,1465794731.0
1819,6838,1465796404.0
1707,6858,1465798200.0
900,40690,1465798208.0
345,6914,1465798264.0
4,6888,1465800003.0
1271,37480,1465800006.0
1272,6777,1465800037.0
1237,6819,1465800039.0
1045,7058,1465800044.0
1959,6820,1465803637.0
1372,6866,1465803665.0
686,24372,1465803677.0
252,6810,1465803679.0
341,6780,1465803682.0
1727,53495,1465803697.0
1311,6797,1465803704.0
27,34844,1465803709.0
1606,6780,1465803716.0
1736,6838,1465803719.0
1929,6800,1465803727.0
994,15383,1465805414.0
1868,6888,1465805426.0
226,6811,1465805448.0
694,6821,1465805459.0
1096,6820,1465805471.0
776,6795,1465805488.0
1195,6974,1465805518.0
982,7443,1465805526.0
534,30251,1465805527.0
280,6956,1465807200.0
1029,7024,1465807205.0
545,6838,1465807208.0
1240,11208,1465807213.0
1882,6925,1465807222.0
636,6903,1465807244.0
620,7038,1465807245.0
630,6785,1465807264.0
1525,7028,1465807272.0
1792,6792,1465807278.0
1375,7022,1465809003.0
812,6859,1465810810.0
452,6891,1465810818.0
476,6863,1465810829.0
1618,6821,1465810836.0
792,6779,1465810855.0
560,6925,1465810856.0
1902,6785,1465810861.0
1601,6780,1465812605.0
1953,7104,1465812619.0
615,6777,1465812625.0
968,6911,1465812639.0
922,7212,1465812648.0
1370,7212,1465812656.0
131,6974,1465812662.0
1828,16274,1465812664.0
576,6922,1465812672.0
1940,53495,1465812678.0
329,6914,1465814401.0
735,7104,1465814420.0
1247,6912,1465814422.0
170,9529,1465814434.0
208,6858,1465816203.0
1627,6784,1465816204.0
1831,6821,1465816223.0
1411,6854,1465816235.0
1498,6795,1465816241.0
2028,6888,1465816251.0
1701,11208,1465816259.0
1166,6790,1465816270.0
213,6811,1465816284.0
1295,7024,1465816289.0
740,6778,1465816301.0
2043,6868,1465818015.0
402,15383,1465818016.0
2006,6974,1465818018.0
251,16938,1465818030.0
175,23415,1465819801.0
986,6889,1465819820.0
44,6853,1465819837.0
1152,6922,1465819838.0
417,6789,1465819853.0
1,7024,1465819878.0
2083,6783,1465819882.0
1819,6838,1465819900.0
2050,6794,1465821599.0
1462,6889,1465821610.0
1970,6777,1465821611.0
1285,7007,1465821635.0
1994,6858,1465821653.0
673,24372,1465823419.0
2023,6850,1465823439.0
505,7212,1465823440.0
489,7022,1465823455.0
1703,7035,1465823465.0
204,6789,1465825199.0
1078,6795,1465825209.0
1256,6785,1465825216.0
838,6889,1465828805.0
2006,6974,1465828819.0
1933,21555,1465830636.0
1256,6785,1465830639.0
130,7038,1465830642.0
894,7726,1465832407.0
172,49085,1465832435.0
554,6820,1465832436.0
694,6821,1465832445.0
1955,6866,1465832447.0
568,6776,1465832451.0
301,9671,1465832474.0
917,6863,1465832496.0
767,6791,1465832499.0
449,6778,1465832503.0
1240,11208,1465832506.0
520,8903,1465832518.0
1819,6838,1465832540.0
1098,6797,1465834213.0
1111,22551,1465834231.0
1593,6974,1465834234.0
1693,22935,1465834235.0
844,7443,1465834237.0
502,6799,1465834263.0
344,22785,1465834282.0
592,6780,1465834287.0
1608,6850,1465834289.0
482,6787,1465834292.0
1026,24121,1465834297.0
772,6797,1465836001.0
1522,6974,1465836008.0
348,27257,1465836011.0
1859,34844,1465837825.0
1788,6925,1465837826.0
1120,6903,1465837829.0
329,6914,1465837843.0
162,8205,1465837847.0
1627,6784,1465839643.0
1295,7024,1465841406.0
1701,11208,1465841429.0
69,6853,1465841433.0
696,6943,1465841438.0
31,6783,1465841455.0
1498,6795,1465841456.0
1599,6782,1465841462.0
1141,6790,1465841491.0
994,15383,1465841500.0
1573,6777,1465843209.0
735,7104,1465843229.0
164,7024,1465843235.0
1428,6984,1465843250.0
754,7212,1465843260.0
1344,40690,1465843266.0
1051,6859,1465843276.0
1029,7024,1465843298.0
174,6819,1465843308.0
1583,18939,1465845003.0
2022,6783,1465845006.0
1118,6850,1465845010.0
1968,11208,1465845012.0
602,6813,1465845026.0
1150,7028,1465845030.0
250,7028,1465845033.0
1336,7035,1465845042.0
1277,6854,1465845046.0
1671,6858,1465845047.0
2,22935,1465845062.0
656,6783,1465845075.0
305,6943,1465845085.0
1673,6818,1465845108.0
1819,6838,1465846805.0
986,6889,1465846806.0
1283,9671,1465846814.0
1990,23415,1465846820.0
448,21586,1465846861.0
1058,24372,1465846874.0
562,6811,1465846881.0
1311,6797,1465846894.0
522,18142,1465846896.0
1129,6903,1465846901.0
2070,16938,1465846906.0
771,6857,1465848599.0
1268,6791,1465848621.0
49,7443,1465848640.0
801,6857,1465848651.0
1573,6777,1465848675.0
1236,6973,1465848713.0
1129,6903,1465854004.0
857,6858,1465854011.0
778,6780,1465855824.0
461,6787,1465855836.0
1454,6776,1465855852.0
520,8903,1465855853.0
1032,6779,1465855855.0
1707,6858,1465855901.0
735,7104,1465855908.0
1789,6819,1465855920.0
27,34844,1465855922.0
119,14146,1465857612.0
1479,6794,1465857616.0
607,15383,1465857627.0
993,19390,1465857641.0
1854,12209,1465857646.0
1997,6875,1465857662.0
1035,6790,1465859401.0
431,6810,1465859407.0
2027,48448,1465859410.0
2023,6850,1465859434.0
208,6858,1465859442.0
2041,6922,1465859443.0
738,6789,1465859446.0
1548,6776,1465859466.0
1758,6782,1465859494.0
606,8474,1465859510.0
582,24121,1465859526.0
287,37228,1465859527.0
792,6779,1465863008.0
178,6949,1465863010.0
391,6809,1465863012.0
702,6817,1465863017.0
1130,9529,1465863018.0
175,23415,1465863030.0
1909,6782,1465863032.0
753,7726,1465863084.0
936,6949,1465863109.0
372,6951,1465863137.0
2065,6951,1465864816.0
226,6811,1465864831.0
122,6914,1465866606.0
108,6809,1465868406.0
1225,6850,1465868437.0
522,18142,1465868456.0
1319,6818,1465868473.0
909,6780,1465870208.0
545,6838,1465872027.0
1115,48448,1465872030.0
1882,6925,1465872072.0
1295,7024,1465873801.0
241,7022,1465873807.0
1735,6903,1465873814.0
1096,6820,1465873816.0
703,6891,1465873819.0
1375,7022,1465873822.0
1069,6857,1465873829.0
859,16274,1465873838.0
559,6790,1465873841.0
1768,6891,1465873857.0
251,16938,1465873859.0
1056,6780,1465873862.0
189,6920,1465873870.0
1968,11208,1465873875.0
1609,6889,1465873881.0
1707,6858,1465873905.0
62,6792,1465875601.0
804,6819,1465875614.0
1037,6951,1465875635.0
122,6914,1465875636.0
1608,6850,1465875660.0
147,7726,1465875661.0
1909,6782,1465875666.0
320,27253,1465875670.0
303,6813,1465875673.0
1349,6792,1465875678.0
1907,6813,1465875693.0
1914,6819,1465875722.0
1933,21555,1465877401.0
2070,16938,1465877403.0
1892,23919,1465877409.0
1583,18939,1465877415.0
2098,7443,1465879208.0
1472,19390,1465879211.0
164,7024,1465879214.0
208,6858,1465879232.0
216,6790,1465879246.0
1020,34969,1465881000.0
616,15383,1465881006.0
2096,6784,1465881011.0
1475,6922,1465881066.0
1954,6819,1465881100.0
401,6790,1465881109.0
428,6886,1465881110.0
1001,6949,1465881124.0
1300,7008,1465882803.0
1941,6866,1465882810.0
1996,6858,1465882811.0
182,37480,1465882812.0
119,14146,1465882819.0
881,6974,1465882832.0
350,6777,1465886409.0
88,6821,1465886412.0
967,6783,1465890022.0
130,7038,1465890059.0
1574,6850,1465890063.0
546,6817,1465890088.0
1604,7058,1465890092.0
642,6920,1465890100.0
1065,24372,1465890111.0
1913,58852,1465890121.0
563,6789,1465890125.0
1535,6795,1465891801.0
1315,6809,1465891819.0
1137,18142,1465893599.0
1846,23415,1465893610.0
1588,6776,1465893614.0
174,6819,1465893619.0
431,6810,1465893643.0
925,7280,1465893644.0
1741,6799,1465895421.0
558,7007,1465895423.0
1545,6984,1465895432.0
705,6956,1465895457.0
1478,18939,1465895466.0
1694,9529,1465897204.0
2008,19390,1465899010.0
1945,8205,1465899011.0
1452,6891,1465900809.0
1059,6811,1465902599.0
838,6889,1465902605.0
789,6796,1465904421.0
461,6787,1465904431.0
907,15383,1465904442.0
894,7726,1465904467.0
1119,6791,1465906200.0
1471,48730,1465906203.0
738,6789,1465908001.0
1606,6780,1465908033.0
1126,6888,1465908039.0
2022,6783,1465908067.0
1052,39568,1465908080.0
1955,6866,1465908084.0
1608,6850,1465908089.0
1506,6780,1465909802.0
153,6850,1465909819.0
1244,6821,1465909831.0
902,6984,1465909882.0
164,7024,1465911617.0
1859,34844,1465911630.0
407,6777,1465911638.0
1087,6797,1465911664.0
1114,6866,1465911667.0
1033,6818,1465911684.0
840,9079,1465911690.0
414,6857,1465911697.0
951,6903,1465911705.0
1606,6780,1465913420.0
996,6984,1465913421.0
828,7104,1465913434.0
834,6819,1465913452.0
602,6813,1465913461.0
856,6838,1465913468.0
1673,6818,1465913484.0
1240,11208,1465913489.0
309,18939,1465913490.0
2041,6922,1465915203.0
2011,6875,1465915211.0
1127,7008,1465915218.0
906,18939,1465915220.0
178,6949,1465918860.0
1041,6889,1465918875.0
304,6889,1465918876.0
1277,6854,1465918894.0
2093,6922,1465918896.0
994,15383,1465918907.0
1162,6974,1465920600.0
591,17406,1465920605.0
1237,6819,1465924201.0
1656,6859,1465924206.0
1302,7022,1465924218.0
240,6783,1465926001.0
1036,22935,1465926044.0
890,7726,1465926046.0
841,26437,1465926047.0
172,49085,1465926048.0
1659,6810,1465926058.0
1001,6949,1465926084.0
1515,6776,1465926087.0
1152,6922,1465926097.0
2042,6920,1465927827.0
476,6863,1465927835.0
904,7505,1465927836.0
1303,6777,1465927838.0
1694,9529,1465927859.0
237,7104,1465929618.0
34,27257,1465929634.0
941,6799,1465929635.0
2014,8474,1465929636.0
1136,6859,1465929640.0
1274,6800,1465931399.0
1777,7212,1465931413.0
447,6868,1465931431.0
293,6868,1465931445.0
1846,23415,1465931448.0
537,17406,1465931450.0
1246,6854,1465933202.0
1754,6810,1465933216.0
1538,6854,1465933224.0
1753,6791,1465934999.0
2016,15383,1465935025.0
1034,6794,1465935029.0
685,7280,1465935031.0
1125,6792,1465935048.0
401,6790,1465935052.0
1598,6859,1465935055.0
1550,6910,1465935063.0
1380,6778,1465936831.0
1768,6891,1465936859.0
229,6792,1465936878.0
1639,7432,1465936886.0
277,6838,1465936888.0
1959,6820,1465936911.0
1051,6859,1465936916.0
1005,6791,1465936928.0
1370,7212,1465936942.0
1522,6974,1465938618.0
483,6779,1465940399.0
857,6858,1465942204.0
639,6815,1465942217.0
697,6784,1465942219.0
1638,7347,1465944021.0
875,7058,1465944022.0
1073,6811,1465944023.0
1086,24967,1465944043.0
110,6854,1465944045.0
1166,6790,1465944104.0
2060,6778,1465947601.0
1302,7022,1465947602.0
66,7022,1465947603.0
740,6778,1465947632.0
1978,7212,1465947663.0
2011,6875,1465947673.0
882,12209,1465947678.0
459,6778,1465947683.0
1385,7008,1465949415.0
1169,6818,1465949442.0
27,34844,1465951222.0
591,17406,1465951223.0
1256,6785,1465951229.0
1690,34844,1465951234.0
603,17406,1465951235.0
1608,6850,1465951241.0
1912,6815,1465951244.0
1212,7726,1465951264.0
2032,6920,1465951268.0
136,6795,1465951301.0
1311,6797,1465951306.0
1964,6817,1465951321.0
559,6790,1465953000.0
1828,16274,1465953002.0
172,49085,1465953004.0
2021,6920,1465953023.0
562,6811,1465953039.0
130,7038,1465953040.0
431,6810,1465953041.0
214,6779,1465953056.0
170,9529,1465953061.0
1970,6777,1465953072.0
1816,6946,1465953079.0
999,6780,1465953087.0
1162,6974,1465953093.0
854,26437,1465953100.0
1535,6795,1465953101.0
772,6797,1465953113.0
1508,6912,1465953120.0
904,7505,1465954826.0
1035,6790,1465954834.0
1369,37480,1465954841.0
1968,11208,1465954854.0
712,6850,1465954877.0
1253,7058,1465954900.0
1604,7058,1465956631.0
2044,6891,1465956640.0
807,23204,1465958461.0
1345,7347,1465958462.0
1272,6777,1465958467.0
627,6857,1465958482.0
1633,7104,1465958493.0
177,6925,1465958494.0
507,6813,1465958512.0
1110,6973,1465958518.0
1805,6903,1465958523.0
1265,6784,1465958535.0
301,9671,1465960202.0
1479,6794,1465962040.0
338,19390,1465963802.0
759,6857,1465963805.0
1051,6859,1465963820.0
2037,6821,1465963830.0
1001,6949,1465963847.0
908,23919,1465963851.0
1052,39568,1465963859.0
492,16274,1465963860.0
544,6800,1465963888.0
894,7726,1465963896.0
307,6819,1465963925.0
365,6819,1465965621.0
1908,6949,1465965626.0
2011,6875,1465965629.0
430,24967,1465965687.0
674,6778,1465965696.0
1671,6858,1465965706.0
250,7028,1465967418.0
1788,6925,1465967419.0
797,7432,1465967427.0
751,6809,1465967437.0
1184,37228,1465967497.0
1545,6984,1465967511.0
2044,6891,1465967522.0
1693,22935,1465967525.0
1920,6956,1465967530.0
1618,6821,1465967533.0
1268,6791,1465967542.0
971,6858,1465969202.0
1633,7104,1465971015.0
2081,27253,1465971043.0
1477,6886,1465971050.0
533,6791,1465971089.0
1688,7024,1465971107.0
1950,6850,1465972802.0
1953,7104,1465972804.0
1107,6796,1465972809.0
1522,6974,1465978200.0
468,6838,1465978208.0
402,15383,1465978221.0
807,23204,1465978230.0
568,6776,1465978233.0
1954,6819,1465978248.0
123,26541,1465978264.0
1116,7008,1465980001.0
562,6811,1465980029.0
902,6984,1465980032.0
1819,6838,1465980038.0
1424,62531,1465980060.0
1354,6789,1465980068.0
547,7726,1465980069.0
181,48448,1465980070.0
1169,6818,1465980072.0
1096,6820,1465981808.0
1784,6949,1465981812.0
341,6780,1465981828.0
825,16938,1465983601.0
770,18142,1465983604.0
1935,6799,1465983614.0
344,22785,1465983616.0
540,6783,1465983627.0
229,6792,1465983650.0
1305,6925,1465983654.0
1498,6795,1465983668.0
1014,6853,1465985420.0
135,12209,1465985439.0
660,39568,1465985471.0
1452,6891,1465985491.0
126,6888,1465985498.0
1315,6809,1465987207.0
391,6809,1465987217.0
1035,6790,1465987285.0
909,6780,1465987286.0
257,6792,1465990809.0
955,7104,1465990821.0
130,7038,1465990837.0
1626,6778,1465990843.0
1472,19390,1465990847.0
1116,7008,1465990854.0
1169,6818,1465990868.0
29,6813,1465990879.0
1521,6794,1465990880.0
1471,48730,1465990881.0
1978,7212,1465992605.0
1727,53495,1465992612.0
1848,6949,1465992642.0
1280,6914,1465994416.0
461,6787,1465994460.0
1718,6914,1465994475.0
759,6857,1465994500.0
1538,6854,1465994502.0
2065,6951,1465996208.0
963,6850,1465996230.0
1025,6920,1465996235.0
975,6974,1465996241.0
1336,7035,1465996244.0
1563,6781,1465996249.0
1554,6780,1465996257.0
950,6914,1465998007.0
345,6914,1465998014.0
2084,22551,1465998058.0
428,6886,1465999805.0
1125,6792,1465999841.0
607,15383,1465999853.0
263,6925,1465999863.0
533,6791,1465999866.0
605,6946,1465999875.0
735,7104,1466001600.0
894,7726,1466003400.0
1352,6817,1466003423.0
703,6891,1466003432.0
260,7270,1466003455.0
472,21555,1466003457.0
1516,49085,1466003459.0
558,7007,1466005202.0
368,6792,1466005213.0
1096,6820,1466005227.0
1383,6777,1466005231.0
890,7726,1466005247.0
1509,6889,1466005253.0
1865,6795,1466005258.0
851,6783,1466005267.0
1755,6799,1466007011.0
513,6785,1466007018.0
1662,23204,1466007042.0
1378,6956,1466007043.0
241,7022,1466007061.0
1305,6925,1466007096.0
1318,6910,1466008808.0
667,6783,1466008836.0
893,24967,1466008848.0
18,6925,1466008853.0
661,7432,1466008857.0
1703,7035,1466008872.0
209,6784,1466008879.0
1118,6850,1466008882.0
1953,7104,1466008888.0
1990,23415,1466008895.0
497,7038,1466008901.0
1302,7022,1466008919.0
1311,6797,1466010622.0
148,6974,1466010635.0
514,6951,1466010658.0
1598,6859,1466010682.0
1522,6974,1466010695.0
459,6778,1466010719.0
1225,6850,1466010729.0
2081,27253,1466010737.0
1545,6984,1466012407.0
968,6911,1466012408.0
1086,24967,1466012449.0
999,6780,1466012458.0
230,6853,1466012481.0
1978,7212,1466012504.0
1375,7022,1466014216.0
1886,7726,1466014246.0
1758,6782,1466014250.0
1192,7212,1466014252.0
1871,6973,1466016002.0
1801,7270,1466016027.0
522,18142,1466016043.0
630,6785,1466016044.0
1497,6956,1466016045.0
669,6984,1466016059.0
96,6914,1466016096.0
1617,7024,1466017807.0
963,6850,1466017818.0
578,7058,1466017829.0
142,6956,1466017832.0
955,7104,1466017838.0
1950,6850,1466017840.0
1075,12209,1466017846.0
445,22935,1466017862.0
31,6783,1466017896.0
876,6920,1466017917.0
922,7212,1466019612.0
108,6809,1466019615.0
1904,23204,1466021407.0
645,11208,1466021416.0
1737,22935,1466021449.0
2038,6951,1466021451.0
2100,6791,1466021458.0
1981,19390,1466021469.0
1976,6910,1466021477.0
207,24372,1466025010.0
1995,6925,1466025014.0
690,26437,1466025037.0
164,7024,1466025038.0
1189,7280,1466025066.0
1037,6951,1466025071.0
1955,6866,1466025095.0
1354,6789,1466025096.0
1768,6891,1466028614.0
456,6810,1466028617.0
1091,6778,1466028626.0
2041,6922,1466028643.0
793,21586,1466028647.0
1573,6777,1466028656.0
900,40690,1466028688.0
2018,6820,1466028698.0
1137,18142,1466030401.0
499,6891,1466030428.0
1665,6811,1466030432.0
554,6820,1466030457.0
2065,6951,1466032242.0
1098,6797,1466032250.0
1526,22551,1466032266.0
2008,19390,1466032272.0
1873,6850,1466032281.0
886,6910,1466032293.0
2044,6891,1466032311.0
