timestamp,eventId,teamId,teamLevel,eventType
2016-05-27 23:06:54,0,2,1,end
2016-05-27 23:06:54,1,2,2,start
2016-05-27 23:06:54,2,8,1,end
2016-05-27 23:06:54,3,8,2,start
2016-05-27 23:06:54,4,9,1,end
2016-05-27 23:06:54,5,9,2,start
2016-05-27 23:06:54,6,11,1,end
2016-05-27 23:06:54,7,11,2,start
2016-05-27 23:06:54,8,13,1,end
2016-05-27 23:06:54,9,13,2,start
2016-05-27 23:06:54,10,18,1,end
2016-05-27 23:06:54,11,18,2,start
2016-05-27 23:06:54,12,20,1,end
2016-05-27 23:06:54,13,20,2,start
2016-05-27 23:06:54,14,22,1,end
2016-05-27 23:06:54,15,22,2,start
2016-05-27 23:06:54,16,25,1,end
2016-05-27 23:06:54,17,25,2,start
2016-05-27 23:06:54,18,27,1,end
2016-05-27 23:06:54,19,27,2,start
2016-05-27 23:06:54,20,28,1,end
2016-05-27 23:06:54,21,28,2,start
2016-05-27 23:06:54,22,32,1,end
2016-05-27 23:06:54,23,32,2,start
2016-05-27 23:06:54,24,35,1,end
2016-05-27 23:06:54,25,35,2,start
2016-05-27 23:06:54,26,36,1,end
2016-05-27 23:06:54,27,36,2,start
2016-05-27 23:06:54,28,39,1,end
2016-05-27 23:06:54,29,39,2,start
2016-05-27 23:06:54,30,44,1,end
2016-05-27 23:06:54,31,44,2,start
2016-05-27 23:06:54,32,51,1,end
2016-05-27 23:06:54,33,51,2,start
2016-05-27 23:06:54,34,53,1,end
2016-05-27 23:06:54,35,53,2,start
2016-05-27 23:06:54,36,54,1,end
2016-05-27 23:06:54,37,54,2,start
2016-05-27 23:06:54,38,57,1,end
2016-05-27 23:06:54,39,57,2,start
2016-05-27 23:06:54,40,59,1,end
2016-05-27 23:06:54,41,59,2,start
2016-05-27 23:06:54,42,61,1,end
2016-05-27 23:06:54,43,61,2,start
2016-05-27 23:06:54,44,63,1,end
2016-05-27 23:06:54,45,63,2,start
2016-05-27 23:06:54,46,64,1,end
2016-05-27 23:06:54,47,64,2,start
2016-05-27 23:06:54,48,66,1,end
2016-05-27 23:06:54,49,66,2,start
2016-05-27 23:06:54,50,69,1,end
2016-05-27 23:06:54,51,69,2,start
2016-05-27 23:06:54,52,70,1,end
2016-05-27 23:06:54,53,70,2,start
2016-05-27 23:06:54,54,71,1,end
2016-05-27 23:06:54,55,71,2,start
2016-05-27 23:06:54,56,72,1,end
2016-05-27 23:06:54,57,72,2,start
2016-05-27 23:06:54,58,74,1,end
2016-05-27 23:06:54,59,74,2,start
2016-05-27 23:06:54,60,75,1,end
2016-05-27 23:06:54,61,75,2,start
2016-05-27 23:06:54,62,77,1,end
2016-05-27 23:06:54,63,77,2,start
2016-05-27 23:06:54,64,78,1,end
2016-05-27 23:06:54,65,78,2,start
2016-05-27 23:06:54,66,82,1,end
2016-05-27 23:06:54,67,82,2,start
2016-05-27 23:06:54,68,84,1,end
2016-05-27 23:06:54,69,84,2,start
2016-05-27 23:06:54,70,85,1,end
2016-05-27 23:06:54,71,85,2,start
2016-05-27 23:06:54,72,86,1,end
2016-05-27 23:06:54,73,86,2,start
2016-05-27 23:06:54,74,90,1,end
2016-05-27 23:06:54,75,90,2,start
2016-05-27 23:06:54,76,93,1,end
2016-05-27 23:06:54,77,93,2,start
2016-05-27 23:06:54,78,94,1,end
2016-05-27 23:06:54,79,94,2,start
2016-05-27 23:06:54,80,97,1,end
2016-05-27 23:06:54,81,97,2,start
2016-05-27 23:06:54,82,99,1,end
2016-05-27 23:06:54,83,99,2,start
2016-05-27 23:06:54,84,100,1,end
2016-05-27 23:06:54,85,100,2,start
2016-05-28 03:36:54,86,104,1,end
2016-05-28 03:36:54,87,104,2,start
2016-05-28 21:36:54,88,95,1,end
2016-05-28 21:36:54,89,95,2,start
2016-05-28 21:36:54,90,107,1,end
2016-05-28 21:36:54,91,107,2,start
2016-05-28 22:06:54,92,103,1,end
2016-05-28 22:06:54,93,103,2,start
2016-05-29 12:06:54,94,111,1,end
2016-05-29 12:06:54,95,111,2,start
2016-05-29 14:06:54,96,113,1,end
2016-05-29 14:06:54,97,113,2,start
2016-05-29 15:36:54,98,2,2,end
2016-05-29 15:36:54,99,2,3,start
2016-05-29 15:36:54,100,8,2,end
2016-05-29 15:36:54,101,8,3,start
2016-05-29 15:36:54,102,9,2,end
2016-05-29 15:36:54,103,9,3,start
2016-05-29 15:36:54,104,11,2,end
2016-05-29 15:36:54,105,11,3,start
2016-05-29 15:36:54,106,13,2,end
2016-05-29 15:36:54,107,13,3,start
2016-05-29 15:36:54,108,18,2,end
2016-05-29 15:36:54,109,18,3,start
2016-05-29 15:36:54,110,20,2,end
2016-05-29 15:36:54,111,20,3,start
2016-05-29 15:36:54,112,22,2,end
2016-05-29 15:36:54,113,22,3,start
2016-05-29 15:36:54,114,25,2,end
2016-05-29 15:36:54,115,25,3,start
2016-05-29 15:36:54,116,27,2,end
2016-05-29 15:36:54,117,27,3,start
2016-05-29 15:36:54,118,28,2,end
2016-05-29 15:36:54,119,28,3,start
2016-05-29 15:36:54,120,32,2,end
2016-05-29 15:36:54,121,32,3,start
2016-05-29 15:36:54,122,35,2,end
2016-05-29 15:36:54,123,35,3,start
2016-05-29 15:36:54,124,36,2,end
2016-05-29 15:36:54,125,36,3,start
2016-05-29 15:36:54,126,39,2,end
2016-05-29 15:36:54,127,39,3,start
2016-05-29 15:36:54,128,44,2,end
2016-05-29 15:36:54,129,44,3,start
2016-05-29 15:36:54,130,51,2,end
2016-05-29 15:36:54,131,51,3,start
2016-05-29 15:36:54,132,53,2,end
2016-05-29 15:36:54,133,53,3,start
2016-05-29 15:36:54,134,54,2,end
2016-05-29 15:36:54,135,54,3,start
2016-05-29 15:36:54,136,57,2,end
2016-05-29 15:36:54,137,57,3,start
2016-05-29 15:36:54,138,59,2,end
2016-05-29 15:36:54,139,59,3,start
2016-05-29 15:36:54,140,61,2,end
2016-05-29 15:36:54,141,61,3,start
2016-05-29 15:36:54,142,63,2,end
2016-05-29 15:36:54,143,63,3,start
2016-05-29 15:36:54,144,64,2,end
2016-05-29 15:36:54,145,64,3,start
2016-05-29 15:36:54,146,66,2,end
2016-05-29 15:36:54,147,66,3,start
2016-05-29 15:36:54,148,69,2,end
2016-05-29 15:36:54,149,69,3,start
2016-05-29 15:36:54,150,70,2,end
2016-05-29 15:36:54,151,70,3,start
2016-05-29 15:36:54,152,71,2,end
2016-05-29 15:36:54,153,71,3,start
2016-05-29 15:36:54,154,72,2,end
2016-05-29 15:36:54,155,72,3,start
2016-05-29 15:36:54,156,74,2,end
2016-05-29 15:36:54,157,74,3,start
2016-05-29 15:36:54,158,75,2,end
2016-05-29 15:36:54,159,75,3,start
2016-05-29 15:36:54,160,77,2,end
2016-05-29 15:36:54,161,77,3,start
2016-05-29 15:36:54,162,78,2,end
2016-05-29 15:36:54,163,78,3,start
2016-05-29 15:36:54,164,82,2,end
2016-05-29 15:36:54,165,82,3,start
2016-05-29 15:36:54,166,84,2,end
2016-05-29 15:36:54,167,84,3,start
2016-05-29 15:36:54,168,85,2,end
2016-05-29 15:36:54,169,85,3,start
2016-05-29 15:36:54,170,86,2,end
2016-05-29 15:36:54,171,86,3,start
2016-05-29 15:36:54,172,90,2,end
2016-05-29 15:36:54,173,90,3,start
2016-05-29 15:36:54,174,93,2,end
2016-05-29 15:36:54,175,93,3,start
2016-05-29 15:36:54,176,94,2,end
2016-05-29 15:36:54,177,94,3,start
2016-05-29 15:36:54,178,97,2,end
2016-05-29 15:36:54,179,97,3,start
2016-05-29 15:36:54,180,99,2,end
2016-05-29 15:36:54,181,99,3,start
2016-05-29 15:36:54,182,100,2,end
2016-05-29 15:36:54,183,100,3,start
2016-05-29 20:06:54,184,104,2,end
2016-05-29 20:06:54,185,104,3,start
2016-05-29 22:36:54,186,109,1,end
2016-05-29 22:36:54,187,109,2,start
2016-05-30 11:36:54,188,110,1,end
2016-05-30 11:36:54,189,110,2,start
2016-05-30 14:06:54,190,95,2,end
2016-05-30 14:06:54,191,95,3,start
2016-05-30 14:06:54,192,107,2,end
2016-05-30 14:06:54,193,107,3,start
2016-05-30 14:36:54,194,103,2,end
2016-05-30 14:36:54,195,103,3,start
2016-05-30 20:36:54,196,112,1,end
2016-05-30 20:36:54,197,112,2,start
2016-05-30 21:06:54,198,117,1,end
2016-05-30 21:06:54,199,117,2,start
2016-05-31 04:36:54,200,111,2,end
2016-05-31 04:36:54,201,111,3,start
2016-05-31 06:36:54,202,113,2,end
2016-05-31 06:36:54,203,113,3,start
2016-05-31 11:36:54,204,105,1,end
2016-05-31 11:36:54,205,105,2,start
2016-05-31 11:36:54,206,116,1,end
2016-05-31 11:36:54,207,116,2,start
2016-05-31 14:06:54,208,121,1,end
2016-05-31 14:06:54,209,121,2,start
2016-05-31 14:36:54,210,115,1,end
2016-05-31 14:36:54,211,115,2,start
2016-05-31 15:06:54,212,109,2,end
2016-05-31 15:06:54,213,109,3,start
2016-05-31 17:36:54,214,2,3,end
2016-05-31 17:36:54,215,2,4,start
2016-05-31 17:36:54,216,8,3,end
2016-05-31 17:36:54,217,8,4,start
2016-05-31 17:36:54,218,9,3,end
2016-05-31 17:36:54,219,9,4,start
2016-05-31 17:36:54,220,11,3,end
2016-05-31 17:36:54,221,11,4,start
2016-05-31 17:36:54,222,13,3,end
2016-05-31 17:36:54,223,13,4,start
2016-05-31 17:36:54,224,18,3,end
2016-05-31 17:36:54,225,18,4,start
2016-05-31 17:36:54,226,20,3,end
2016-05-31 17:36:54,227,20,4,start
2016-05-31 17:36:54,228,22,3,end
2016-05-31 17:36:54,229,22,4,start
2016-05-31 17:36:54,230,25,3,end
2016-05-31 17:36:54,231,25,4,start
2016-05-31 17:36:54,232,27,3,end
2016-05-31 17:36:54,233,27,4,start
2016-05-31 17:36:54,234,28,3,end
2016-05-31 17:36:54,235,28,4,start
2016-05-31 17:36:54,236,32,3,end
2016-05-31 17:36:54,237,32,4,start
2016-05-31 17:36:54,238,35,3,end
2016-05-31 17:36:54,239,35,4,start
2016-05-31 17:36:54,240,36,3,end
2016-05-31 17:36:54,241,36,4,start
2016-05-31 17:36:54,242,39,3,end
2016-05-31 17:36:54,243,39,4,start
2016-05-31 17:36:54,244,44,3,end
2016-05-31 17:36:54,245,44,4,start
2016-05-31 17:36:54,246,51,3,end
2016-05-31 17:36:54,247,51,4,start
2016-05-31 17:36:54,248,53,3,end
2016-05-31 17:36:54,249,53,4,start
2016-05-31 17:36:54,250,54,3,end
2016-05-31 17:36:54,251,54,4,start
2016-05-31 17:36:54,252,57,3,end
2016-05-31 17:36:54,253,57,4,start
2016-05-31 17:36:54,254,59,3,end
2016-05-31 17:36:54,255,59,4,start
2016-05-31 17:36:54,256,61,3,end
2016-05-31 17:36:54,257,61,4,start
2016-05-31 17:36:54,258,63,3,end
2016-05-31 17:36:54,259,63,4,start
2016-05-31 17:36:54,260,64,3,end
2016-05-31 17:36:54,261,64,4,start
2016-05-31 17:36:54,262,66,3,end
2016-05-31 17:36:54,263,66,4,start
2016-05-31 17:36:54,264,69,3,end
2016-05-31 17:36:54,265,69,4,start
2016-05-31 17:36:54,266,70,3,end
2016-05-31 17:36:54,267,70,4,start
2016-05-31 17:36:54,268,71,3,end
2016-05-31 17:36:54,269,71,4,start
2016-05-31 17:36:54,270,72,3,end
2016-05-31 17:36:54,271,72,4,start
2016-05-31 17:36:54,272,74,3,end
2016-05-31 17:36:54,273,74,4,start
2016-05-31 17:36:54,274,75,3,end
2016-05-31 17:36:54,275,75,4,start
2016-05-31 17:36:54,276,77,3,end
2016-05-31 17:36:54,277,77,4,start
2016-05-31 17:36:54,278,78,3,end
2016-05-31 17:36:54,279,78,4,start
2016-05-31 17:36:54,280,82,3,end
2016-05-31 17:36:54,281,82,4,start
2016-05-31 17:36:54,282,84,3,end
2016-05-31 17:36:54,283,84,4,start
2016-05-31 17:36:54,284,85,3,end
2016-05-31 17:36:54,285,85,4,start
2016-05-31 17:36:54,286,86,3,end
2016-05-31 17:36:54,287,86,4,start
2016-05-31 17:36:54,288,90,3,end
2016-05-31 17:36:54,289,90,4,start
2016-05-31 17:36:54,290,93,3,end
2016-05-31 17:36:54,291,93,4,start
2016-05-31 17:36:54,292,94,3,end
2016-05-31 17:36:54,293,94,4,start
2016-05-31 17:36:54,294,97,3,end
2016-05-31 17:36:54,295,97,4,start
2016-05-31 17:36:54,296,99,3,end
2016-05-31 17:36:54,297,99,4,start
2016-05-31 17:36:54,298,100,3,end
2016-05-31 17:36:54,299,100,4,start
2016-05-31 22:06:54,300,104,3,end
2016-05-31 22:06:54,301,104,4,start
2016-06-01 04:06:54,302,110,2,end
2016-06-01 04:06:54,303,110,3,start
2016-06-01 11:06:54,304,128,1,end
2016-06-01 11:06:54,305,128,2,start
2016-06-01 13:06:54,306,112,2,end
2016-06-01 13:06:54,307,112,3,start
2016-06-01 13:36:54,308,117,2,end
2016-06-01 13:36:54,309,117,3,start
2016-06-01 15:06:54,310,122,1,end
2016-06-01 15:06:54,311,122,2,start
2016-06-01 15:36:54,312,118,1,end
2016-06-01 15:36:54,313,118,2,start
2016-06-01 16:06:54,314,95,3,end
2016-06-01 16:06:54,315,95,4,start
2016-06-01 16:06:54,316,107,3,end
2016-06-01 16:06:54,317,107,4,start
2016-06-01 16:36:54,318,103,3,end
2016-06-01 16:36:54,319,103,4,start
2016-06-01 18:06:54,320,119,1,end
2016-06-01 18:06:54,321,119,2,start
2016-06-01 19:06:54,322,120,1,end
2016-06-01 19:06:54,323,120,2,start
2016-06-01 20:36:54,324,130,1,end
2016-06-01 20:36:54,325,130,2,start
2016-06-01 21:36:54,326,127,1,end
2016-06-01 21:36:54,327,127,2,start
2016-06-02 00:36:54,328,132,1,end
2016-06-02 00:36:54,329,132,2,start
2016-06-02 02:06:54,330,123,1,end
2016-06-02 02:06:54,331,123,2,start
2016-06-02 03:06:54,332,114,1,end
2016-06-02 03:06:54,333,114,2,start
2016-06-02 03:36:54,334,125,1,end
2016-06-02 03:36:54,335,125,2,start
2016-06-02 04:06:54,336,116,2,end
2016-06-02 04:06:54,337,116,3,start
2016-06-02 05:36:54,338,129,1,end
2016-06-02 05:36:54,339,129,2,start
2016-06-02 06:36:54,340,111,3,end
2016-06-02 06:36:54,341,111,4,start
2016-06-02 06:36:54,342,121,2,end
2016-06-02 06:36:54,343,121,3,start
2016-06-02 07:06:54,344,115,2,end
2016-06-02 07:06:54,345,115,3,start
2016-06-02 10:06:54,346,105,2,end
2016-06-02 10:06:54,347,105,3,start
2016-06-02 12:36:54,348,138,1,end
2016-06-02 12:36:54,349,138,2,start
2016-06-02 17:06:54,350,109,3,end
2016-06-02 17:06:54,351,109,4,start
2016-06-02 17:36:54,352,113,3,end
2016-06-02 17:36:54,353,113,4,start
2016-06-02 21:06:54,354,136,1,end
2016-06-02 21:06:54,355,136,2,start
2016-06-02 22:36:54,356,108,1,end
2016-06-02 22:36:54,357,108,2,start
2016-06-03 03:36:54,358,128,2,end
2016-06-03 03:36:54,359,128,3,start
2016-06-03 05:06:54,360,133,1,end
2016-06-03 05:06:54,361,133,2,start
2016-06-03 05:36:54,362,106,1,end
2016-06-03 05:36:54,363,106,2,start
2016-06-03 06:06:54,364,2,4,end
2016-06-03 06:06:54,365,2,5,start
2016-06-03 06:06:54,366,8,4,end
2016-06-03 06:06:54,367,8,5,start
2016-06-03 06:06:54,368,9,4,end
2016-06-03 06:06:54,369,9,5,start
2016-06-03 06:06:54,370,11,4,end
2016-06-03 06:06:54,371,11,5,start
2016-06-03 06:06:54,372,13,4,end
2016-06-03 06:06:54,373,13,5,start
2016-06-03 06:06:54,374,18,4,end
2016-06-03 06:06:54,375,18,5,start
2016-06-03 06:06:54,376,20,4,end
2016-06-03 06:06:54,377,20,5,start
2016-06-03 06:06:54,378,22,4,end
2016-06-03 06:06:54,379,22,5,start
2016-06-03 06:06:54,380,25,4,end
2016-06-03 06:06:54,381,25,5,start
2016-06-03 06:06:54,382,27,4,end
2016-06-03 06:06:54,383,27,5,start
2016-06-03 06:06:54,384,28,4,end
2016-06-03 06:06:54,385,28,5,start
2016-06-03 06:06:54,386,32,4,end
2016-06-03 06:06:54,387,32,5,start
2016-06-03 06:06:54,388,35,4,end
2016-06-03 06:06:54,389,35,5,start
2016-06-03 06:06:54,390,36,4,end
2016-06-03 06:06:54,391,36,5,start
2016-06-03 06:06:54,392,39,4,end
2016-06-03 06:06:54,393,39,5,start
2016-06-03 06:06:54,394,44,4,end
2016-06-03 06:06:54,395,44,5,start
2016-06-03 06:06:54,396,51,4,end
2016-06-03 06:06:54,397,51,5,start
2016-06-03 06:06:54,398,53,4,end
2016-06-03 06:06:54,399,53,5,start
2016-06-03 06:06:54,400,54,4,end
2016-06-03 06:06:54,401,54,5,start
2016-06-03 06:06:54,402,57,4,end
2016-06-03 06:06:54,403,57,5,start
2016-06-03 06:06:54,404,59,4,end
2016-06-03 06:06:54,405,59,5,start
2016-06-03 06:06:54,406,61,4,end
2016-06-03 06:06:54,407,61,5,start
2016-06-03 06:06:54,408,63,4,end
2016-06-03 06:06:54,409,63,5,start
2016-06-03 06:06:54,410,64,4,end
2016-06-03 06:06:54,411,64,5,start
2016-06-03 06:06:54,412,66,4,end
2016-06-03 06:06:54,413,66,5,start
2016-06-03 06:06:54,414,69,4,end
2016-06-03 06:06:54,415,69,5,start
2016-06-03 06:06:54,416,70,4,end
2016-06-03 06:06:54,417,70,5,start
2016-06-03 06:06:54,418,71,4,end
2016-06-03 06:06:54,419,71,5,start
2016-06-03 06:06:54,420,72,4,end
2016-06-03 06:06:54,421,72,5,start
2016-06-03 06:06:54,422,74,4,end
2016-06-03 06:06:54,423,74,5,start
2016-06-03 06:06:54,424,75,4,end
2016-06-03 06:06:54,425,75,5,start
2016-06-03 06:06:54,426,77,4,end
2016-06-03 06:06:54,427,77,5,start
2016-06-03 06:06:54,428,78,4,end
2016-06-03 06:06:54,429,78,5,start
2016-06-03 06:06:54,430,82,4,end
2016-06-03 06:06:54,431,82,5,start
2016-06-03 06:06:54,432,84,4,end
2016-06-03 06:06:54,433,84,5,start
2016-06-03 06:06:54,434,85,4,end
2016-06-03 06:06:54,435,85,5,start
2016-06-03 06:06:54,436,86,4,end
2016-06-03 06:06:54,437,86,5,start
2016-06-03 06:06:54,438,90,4,end
2016-06-03 06:06:54,439,90,5,start
2016-06-03 06:06:54,440,93,4,end
2016-06-03 06:06:54,441,93,5,start
2016-06-03 06:06:54,442,94,4,end
2016-06-03 06:06:54,443,94,5,start
2016-06-03 06:06:54,444,97,4,end
2016-06-03 06:06:54,445,97,5,start
2016-06-03 06:06:54,446,99,4,end
2016-06-03 06:06:54,447,99,5,start
2016-06-03 06:06:54,448,100,4,end
2016-06-03 06:06:54,449,100,5,start
2016-06-03 06:06:54,450,110,3,end
2016-06-03 06:06:54,451,110,4,start
2016-06-03 07:36:54,452,122,2,end
2016-06-03 07:36:54,453,122,3,start
2016-06-03 08:06:54,454,118,2,end
2016-06-03 08:06:54,455,118,3,start
2016-06-03 10:36:54,456,104,4,end
2016-06-03 10:36:54,457,104,5,start
2016-06-03 10:36:54,458,119,2,end
2016-06-03 10:36:54,459,119,3,start
2016-06-03 11:36:54,460,120,2,end
2016-06-03 11:36:54,461,120,3,start
2016-06-03 13:06:54,462,130,2,end
2016-06-03 13:06:54,463,130,3,start
2016-06-03 14:06:54,464,127,2,end
2016-06-03 14:06:54,465,127,3,start
2016-06-03 15:06:54,466,112,3,end
2016-06-03 15:06:54,467,112,4,start
2016-06-03 15:36:54,468,135,1,end
2016-06-03 15:36:54,469,135,2,start
2016-06-03 15:36:54,470,117,3,end
2016-06-03 15:36:54,471,117,4,start
2016-06-03 17:06:54,472,132,2,end
2016-06-03 17:06:54,473,132,3,start
2016-06-03 18:36:54,474,123,2,end
2016-06-03 18:36:54,475,123,3,start
2016-06-03 19:36:54,476,114,2,end
2016-06-03 19:36:54,477,114,3,start
2016-06-03 20:06:54,478,125,2,end
2016-06-03 20:06:54,479,125,3,start
2016-06-03 22:06:54,480,129,2,end
2016-06-03 22:06:54,481,129,3,start
2016-06-03 23:36:54,482,141,1,end
2016-06-03 23:36:54,483,141,2,start
2016-06-04 00:36:54,484,142,1,end
2016-06-04 00:36:54,485,142,2,start
2016-06-04 00:36:54,486,124,1,end
2016-06-04 00:36:54,487,124,2,start
2016-06-04 04:06:54,488,126,1,end
2016-06-04 04:06:54,489,126,2,start
2016-06-04 04:36:54,490,95,4,end
2016-06-04 04:36:54,491,95,5,start
2016-06-04 04:36:54,492,107,4,end
2016-06-04 04:36:54,493,107,5,start
2016-06-04 05:06:54,494,138,2,end
2016-06-04 05:06:54,495,138,3,start
2016-06-04 05:06:54,496,103,4,end
2016-06-04 05:06:54,497,103,5,start
2016-06-04 06:06:54,498,116,3,end
2016-06-04 06:06:54,499,116,4,start
2016-06-04 07:36:54,500,134,1,end
2016-06-04 07:36:54,501,134,2,start
2016-06-04 08:36:54,502,121,3,end
2016-06-04 08:36:54,503,121,4,start
2016-06-04 09:06:54,504,115,3,end
2016-06-04 09:06:54,505,115,4,start
2016-06-04 12:06:54,506,105,3,end
2016-06-04 12:06:54,507,105,4,start
2016-06-04 13:36:54,508,136,2,end
2016-06-04 13:36:54,509,136,3,start
2016-06-04 15:06:54,510,108,2,end
2016-06-04 15:06:54,511,108,3,start
2016-06-04 19:06:54,512,111,4,end
2016-06-04 19:06:54,513,111,5,start
2016-06-04 19:36:54,514,131,1,end
2016-06-04 19:36:54,515,131,2,start
2016-06-04 20:06:54,516,137,1,end
2016-06-04 20:06:54,517,137,2,start
2016-06-04 21:36:54,518,133,2,end
2016-06-04 21:36:54,519,133,3,start
2016-06-04 22:06:54,520,106,2,end
2016-06-04 22:06:54,521,106,3,start
2016-06-05 05:36:54,522,109,4,end
2016-06-05 05:36:54,523,109,5,start
2016-06-05 05:36:54,524,128,3,end
2016-06-05 05:36:54,525,128,4,start
2016-06-05 06:06:54,526,113,4,end
2016-06-05 06:06:54,527,113,5,start
2016-06-05 08:06:54,528,135,2,end
2016-06-05 08:06:54,529,135,3,start
2016-06-05 09:36:54,530,122,3,end
2016-06-05 09:36:54,531,122,4,start
2016-06-05 10:06:54,532,118,3,end
2016-06-05 10:06:54,533,118,4,start
2016-06-05 12:36:54,534,119,3,end
2016-06-05 12:36:54,535,119,4,start
2016-06-05 13:36:54,536,120,3,end
2016-06-05 13:36:54,537,120,4,start
2016-06-05 15:06:54,538,130,3,end
2016-06-05 15:06:54,539,130,4,start
2016-06-05 16:06:54,540,127,3,end
2016-06-05 16:06:54,541,127,4,start
2016-06-05 16:06:54,542,141,2,end
2016-06-05 16:06:54,543,141,3,start
2016-06-05 17:06:54,544,124,2,end
2016-06-05 17:06:54,545,124,3,start
2016-06-05 17:06:54,546,142,2,end
2016-06-05 17:06:54,547,142,3,start
2016-06-05 18:36:54,548,110,4,end
2016-06-05 18:36:54,549,110,5,start
2016-06-05 19:06:54,550,132,3,end
2016-06-05 19:06:54,551,132,4,start
2016-06-05 20:06:54,552,146,1,end
2016-06-05 20:06:54,553,146,2,start
2016-06-05 20:36:54,554,123,3,end
2016-06-05 20:36:54,555,123,4,start
2016-06-05 20:36:54,556,126,2,end
2016-06-05 20:36:54,557,126,3,start
2016-06-05 21:36:54,558,114,3,end
2016-06-05 21:36:54,559,114,4,start
2016-06-05 22:06:54,560,125,3,end
2016-06-05 22:06:54,561,125,4,start
2016-06-06 00:06:54,562,129,3,end
2016-06-06 00:06:54,563,129,4,start
2016-06-06 00:06:54,564,134,2,end
2016-06-06 00:06:54,565,134,3,start
2016-06-06 03:36:54,566,112,4,end
2016-06-06 03:36:54,567,112,5,start
2016-06-06 03:36:54,568,152,1,end
2016-06-06 03:36:54,569,152,2,start
2016-06-06 04:06:54,570,117,4,end
2016-06-06 04:06:54,571,117,5,start
2016-06-06 06:06:54,572,2,5,end
2016-06-06 06:06:54,573,2,6,start
2016-06-06 06:06:54,574,8,5,end
2016-06-06 06:06:54,575,8,6,start
2016-06-06 06:06:54,576,9,5,end
2016-06-06 06:06:54,577,9,6,start
2016-06-06 06:06:54,578,11,5,end
2016-06-06 06:06:54,579,11,6,start
2016-06-06 06:06:54,580,13,5,end
2016-06-06 06:06:54,581,13,6,start
2016-06-06 06:06:54,582,18,5,end
2016-06-06 06:06:54,583,18,6,start
2016-06-06 06:06:54,584,20,5,end
2016-06-06 06:06:54,585,20,6,start
2016-06-06 06:06:54,586,22,5,end
2016-06-06 06:06:54,587,22,6,start
2016-06-06 06:06:54,588,25,5,end
2016-06-06 06:06:54,589,25,6,start
2016-06-06 06:06:54,590,27,5,end
2016-06-06 06:06:54,591,27,6,start
2016-06-06 06:06:54,592,28,5,end
2016-06-06 06:06:54,593,28,6,start
2016-06-06 06:06:54,594,32,5,end
2016-06-06 06:06:54,595,32,6,start
2016-06-06 06:06:54,596,35,5,end
2016-06-06 06:06:54,597,35,6,start
2016-06-06 06:06:54,598,36,5,end
2016-06-06 06:06:54,599,36,6,start
2016-06-06 06:06:54,600,39,5,end
2016-06-06 06:06:54,601,39,6,start
2016-06-06 06:06:54,602,44,5,end
2016-06-06 06:06:54,603,44,6,start
2016-06-06 06:06:54,604,51,5,end
2016-06-06 06:06:54,605,51,6,start
2016-06-06 06:06:54,606,53,5,end
2016-06-06 06:06:54,607,53,6,start
2016-06-06 06:06:54,608,54,5,end
2016-06-06 06:06:54,609,54,6,start
2016-06-06 06:06:54,610,57,5,end
2016-06-06 06:06:54,611,57,6,start
2016-06-06 06:06:54,612,59,5,end
2016-06-06 06:06:54,613,59,6,start
2016-06-06 06:06:54,614,61,5,end
2016-06-06 06:06:54,615,61,6,start
2016-06-06 06:06:54,616,63,5,end
2016-06-06 06:06:54,617,63,6,start
2016-06-06 06:06:54,618,64,5,end
2016-06-06 06:06:54,619,64,6,start
2016-06-06 06:06:54,620,66,5,end
2016-06-06 06:06:54,621,66,6,start
2016-06-06 06:06:54,622,69,5,end
2016-06-06 06:06:54,623,69,6,start
2016-06-06 06:06:54,624,70,5,end
2016-06-06 06:06:54,625,70,6,start
2016-06-06 06:06:54,626,71,5,end
2016-06-06 06:06:54,627,71,6,start
2016-06-06 06:06:54,628,72,5,end
2016-06-06 06:06:54,629,72,6,start
2016-06-06 06:06:54,630,74,5,end
2016-06-06 06:06:54,631,74,6,start
2016-06-06 06:06:54,632,75,5,end
2016-06-06 06:06:54,633,75,6,start
2016-06-06 06:06:54,634,77,5,end
2016-06-06 06:06:54,635,77,6,start
2016-06-06 06:06:54,636,78,5,end
2016-06-06 06:06:54,637,78,6,start
2016-06-06 06:06:54,638,82,5,end
2016-06-06 06:06:54,639,82,6,start
2016-06-06 06:06:54,640,84,5,end
2016-06-06 06:06:54,641,84,6,start
2016-06-06 06:06:54,642,85,5,end
2016-06-06 06:06:54,643,85,6,start
2016-06-06 06:06:54,644,86,5,end
2016-06-06 06:06:54,645,86,6,start
2016-06-06 06:06:54,646,90,5,end
2016-06-06 06:06:54,647,90,6,start
2016-06-06 06:06:54,648,93,5,end
2016-06-06 06:06:54,649,93,6,start
2016-06-06 06:06:54,650,94,5,end
2016-06-06 06:06:54,651,94,6,start
2016-06-06 06:06:54,652,97,5,end
2016-06-06 06:06:54,653,97,6,start
2016-06-06 06:06:54,654,99,5,end
2016-06-06 06:06:54,655,99,6,start
2016-06-06 06:06:54,656,100,5,end
2016-06-06 06:06:54,657,100,6,start
2016-06-06 07:06:54,658,138,3,end
2016-06-06 07:06:54,659,138,4,start
2016-06-06 10:36:54,660,104,5,end
2016-06-06 10:36:54,661,104,6,start
2016-06-06 12:06:54,662,131,2,end
2016-06-06 12:06:54,663,131,3,start
2016-06-06 12:36:54,664,137,2,end
2016-06-06 12:36:54,665,137,3,start
2016-06-06 15:36:54,666,136,3,end
2016-06-06 15:36:54,667,136,4,start
2016-06-06 17:06:54,668,108,3,end
2016-06-06 17:06:54,669,108,4,start
2016-06-06 18:36:54,670,116,4,end
2016-06-06 18:36:54,671,116,5,start
2016-06-06 21:06:54,672,121,4,end
2016-06-06 21:06:54,673,121,5,start
2016-06-06 21:36:54,674,115,4,end
2016-06-06 21:36:54,675,115,5,start
2016-06-06 22:36:54,676,148,1,end
2016-06-06 22:36:54,677,148,2,start
2016-06-06 23:36:54,678,133,3,end
2016-06-06 23:36:54,679,133,4,start
2016-06-07 00:36:54,680,105,4,end
2016-06-07 00:36:54,681,105,5,start
2016-06-07 04:36:54,682,95,5,end
2016-06-07 04:36:54,683,95,6,start
2016-06-07 04:36:54,684,107,5,end
2016-06-07 04:36:54,685,107,6,start
2016-06-07 05:06:54,686,103,5,end
2016-06-07 05:06:54,687,103,6,start
2016-06-07 08:36:54,688,156,1,end
2016-06-07 08:36:54,689,156,2,start
2016-06-07 10:06:54,690,135,3,end
2016-06-07 10:06:54,691,135,4,start
2016-06-07 12:36:54,692,146,2,end
2016-06-07 12:36:54,693,146,3,start
2016-06-07 17:06:54,694,145,1,end
2016-06-07 17:06:54,695,145,2,start
2016-06-07 17:36:54,696,140,1,end
2016-06-07 17:36:54,697,140,2,start
2016-06-07 18:06:54,698,128,4,end
2016-06-07 18:06:54,699,128,5,start
2016-06-07 18:06:54,700,141,3,end
2016-06-07 18:06:54,701,141,4,start
2016-06-07 19:06:54,702,111,5,end
2016-06-07 19:06:54,703,111,6,start
2016-06-07 19:06:54,704,124,3,end
2016-06-07 19:06:54,705,124,4,start
2016-06-07 19:06:54,706,142,3,end
2016-06-07 19:06:54,707,142,4,start
2016-06-07 20:06:54,708,152,2,end
2016-06-07 20:06:54,709,152,3,start
2016-06-07 20:06:54,710,155,1,end
2016-06-07 20:06:54,711,155,2,start
2016-06-07 21:36:54,712,106,3,end
2016-06-07 21:36:54,713,106,4,start
2016-06-07 22:06:54,714,122,4,end
2016-06-07 22:06:54,715,122,5,start
2016-06-07 22:36:54,716,118,4,end
2016-06-07 22:36:54,717,118,5,start
2016-06-07 22:36:54,718,126,3,end
2016-06-07 22:36:54,719,126,4,start
2016-06-08 01:06:54,720,119,4,end
2016-06-08 01:06:54,721,119,5,start
2016-06-08 02:06:54,722,120,4,end
2016-06-08 02:06:54,723,120,5,start
2016-06-08 02:06:54,724,134,3,end
2016-06-08 02:06:54,725,134,4,start
2016-06-08 03:36:54,726,130,4,end
2016-06-08 03:36:54,727,130,5,start
2016-06-08 04:36:54,728,127,4,end
2016-06-08 04:36:54,729,127,5,start
2016-06-08 05:36:54,730,109,5,end
2016-06-08 05:36:54,731,109,6,start
2016-06-08 06:06:54,732,113,5,end
2016-06-08 06:06:54,733,113,6,start
2016-06-08 07:36:54,734,132,4,end
2016-06-08 07:36:54,735,132,5,start
2016-06-08 09:06:54,736,123,4,end
2016-06-08 09:06:54,737,123,5,start
2016-06-08 10:06:54,738,114,4,end
2016-06-08 10:06:54,739,114,5,start
2016-06-08 10:36:54,740,125,4,end
2016-06-08 10:36:54,741,125,5,start
2016-06-08 12:36:54,742,129,4,end
2016-06-08 12:36:54,743,129,5,start
2016-06-08 14:06:54,744,131,3,end
2016-06-08 14:06:54,745,131,4,start
2016-06-08 14:36:54,746,137,3,end
2016-06-08 14:36:54,747,137,4,start
2016-06-08 15:06:54,748,148,2,end
2016-06-08 15:06:54,749,148,3,start
2016-06-08 18:06:54,750,154,1,end
2016-06-08 18:06:54,751,154,2,start
2016-06-08 18:36:54,752,110,5,end
2016-06-08 18:36:54,753,110,6,start
2016-06-08 19:36:54,754,138,4,end
2016-06-08 19:36:54,755,138,5,start
2016-06-08 22:06:54,756,157,1,end
2016-06-08 22:06:54,757,157,2,start
2016-06-09 01:06:54,758,156,2,end
2016-06-09 01:06:54,759,156,3,start
2016-06-09 03:36:54,760,112,5,end
2016-06-09 03:36:54,761,112,6,start
2016-06-09 04:06:54,762,117,5,end
2016-06-09 04:06:54,763,117,6,start
2016-06-09 04:06:54,764,136,4,end
2016-06-09 04:06:54,765,136,5,start
2016-06-09 05:36:54,766,108,4,end
2016-06-09 05:36:54,767,108,5,start
2016-06-09 08:06:54,768,162,1,end
2016-06-09 08:06:54,769,162,2,start
2016-06-09 09:36:54,770,145,2,end
2016-06-09 09:36:54,771,145,3,start
2016-06-09 10:06:54,772,140,2,end
2016-06-09 10:06:54,773,140,3,start
2016-06-09 12:06:54,774,133,4,end
2016-06-09 12:06:54,775,133,5,start
2016-06-09 12:36:54,776,147,1,end
2016-06-09 12:36:54,777,147,2,start
2016-06-09 12:36:54,778,155,2,end
2016-06-09 12:36:54,779,155,3,start
2016-06-09 14:36:54,780,146,3,end
2016-06-09 14:36:54,781,146,4,start
2016-06-09 15:36:54,782,160,1,end
2016-06-09 15:36:54,783,160,2,start
2016-06-09 18:06:54,784,150,1,end
2016-06-09 18:06:54,785,150,2,start
2016-06-09 18:36:54,786,2,6,end
2016-06-09 18:36:54,787,2,7,start
2016-06-09 18:36:54,788,8,6,end
2016-06-09 18:36:54,789,8,7,start
2016-06-09 18:36:54,790,9,6,end
2016-06-09 18:36:54,791,9,7,start
2016-06-09 18:36:54,792,11,6,end
2016-06-09 18:36:54,793,11,7,start
2016-06-09 18:36:54,794,13,6,end
2016-06-09 18:36:54,795,13,7,start
2016-06-09 18:36:54,796,18,6,end
2016-06-09 18:36:54,797,18,7,start
2016-06-09 18:36:54,798,20,6,end
2016-06-09 18:36:54,799,20,7,start
2016-06-09 18:36:54,800,22,6,end
2016-06-09 18:36:54,801,22,7,start
2016-06-09 18:36:54,802,25,6,end
2016-06-09 18:36:54,803,25,7,start
2016-06-09 18:36:54,804,27,6,end
2016-06-09 18:36:54,805,27,7,start
2016-06-09 18:36:54,806,28,6,end
2016-06-09 18:36:54,807,28,7,start
2016-06-09 18:36:54,808,32,6,end
2016-06-09 18:36:54,809,32,7,start
2016-06-09 18:36:54,810,35,6,end
2016-06-09 18:36:54,811,35,7,start
2016-06-09 18:36:54,812,36,6,end
2016-06-09 18:36:54,813,36,7,start
2016-06-09 18:36:54,814,39,6,end
2016-06-09 18:36:54,815,39,7,start
2016-06-09 18:36:54,816,44,6,end
2016-06-09 18:36:54,817,44,7,start
2016-06-09 18:36:54,818,51,6,end
2016-06-09 18:36:54,819,51,7,start
2016-06-09 18:36:54,820,53,6,end
2016-06-09 18:36:54,821,53,7,start
2016-06-09 18:36:54,822,54,6,end
2016-06-09 18:36:54,823,54,7,start
2016-06-09 18:36:54,824,57,6,end
2016-06-09 18:36:54,825,57,7,start
2016-06-09 18:36:54,826,59,6,end
2016-06-09 18:36:54,827,59,7,start
2016-06-09 18:36:54,828,61,6,end
2016-06-09 18:36:54,829,61,7,start
2016-06-09 18:36:54,830,63,6,end
2016-06-09 18:36:54,831,63,7,start
2016-06-09 18:36:54,832,64,6,end
2016-06-09 18:36:54,833,64,7,start
2016-06-09 18:36:54,834,66,6,end
2016-06-09 18:36:54,835,66,7,start
2016-06-09 18:36:54,836,69,6,end
2016-06-09 18:36:54,837,69,7,start
2016-06-09 18:36:54,838,70,6,end
2016-06-09 18:36:54,839,70,7,start
2016-06-09 18:36:54,840,71,6,end
2016-06-09 18:36:54,841,71,7,start
2016-06-09 18:36:54,842,72,6,end
2016-06-09 18:36:54,843,72,7,start
2016-06-09 18:36:54,844,74,6,end
2016-06-09 18:36:54,845,74,7,start
2016-06-09 18:36:54,846,75,6,end
2016-06-09 18:36:54,847,75,7,start
2016-06-09 18:36:54,848,77,6,end
2016-06-09 18:36:54,849,77,7,start
2016-06-09 18:36:54,850,78,6,end
2016-06-09 18:36:54,851,78,7,start
2016-06-09 18:36:54,852,82,6,end
2016-06-09 18:36:54,853,82,7,start
2016-06-09 18:36:54,854,84,6,end
2016-06-09 18:36:54,855,84,7,start
2016-06-09 18:36:54,856,85,6,end
2016-06-09 18:36:54,857,85,7,start
2016-06-09 18:36:54,858,86,6,end
2016-06-09 18:36:54,859,86,7,start
2016-06-09 18:36:54,860,90,6,end
2016-06-09 18:36:54,861,90,7,start
2016-06-09 18:36:54,862,93,6,end
2016-06-09 18:36:54,863,93,7,start
2016-06-09 18:36:54,864,94,6,end
2016-06-09 18:36:54,865,94,7,start
2016-06-09 18:36:54,866,97,6,end
2016-06-09 18:36:54,867,97,7,start
2016-06-09 18:36:54,868,99,6,end
2016-06-09 18:36:54,869,99,7,start
2016-06-09 18:36:54,870,100,6,end
2016-06-09 18:36:54,871,100,7,start
2016-06-09 18:36:54,872,116,5,end
2016-06-09 18:36:54,873,116,6,start
2016-06-09 21:06:54,874,121,5,end
2016-06-09 21:06:54,875,121,6,start
2016-06-09 21:36:54,876,115,5,end
2016-06-09 21:36:54,877,115,6,start
2016-06-09 22:06:54,878,152,3,end
2016-06-09 22:06:54,879,152,4,start
2016-06-09 22:36:54,880,135,4,end
2016-06-09 22:36:54,881,135,5,start
2016-06-09 22:36:54,882,149,1,end
2016-06-09 22:36:54,883,149,2,start
2016-06-09 23:06:54,884,104,6,end
2016-06-09 23:06:54,885,104,7,start
2016-06-09 23:36:54,886,158,1,end
2016-06-09 23:36:54,887,158,2,start
2016-06-10 00:36:54,888,105,5,end
2016-06-10 00:36:54,889,105,6,start
2016-06-10 04:36:54,890,163,1,end
2016-06-10 04:36:54,891,163,2,start
2016-06-10 06:36:54,892,141,4,end
2016-06-10 06:36:54,893,141,5,start
2016-06-10 07:36:54,894,124,4,end
2016-06-10 07:36:54,895,124,5,start
2016-06-10 07:36:54,896,142,4,end
2016-06-10 07:36:54,897,142,5,start
2016-06-10 10:06:54,898,106,4,end
2016-06-10 10:06:54,899,106,5,start
2016-06-10 10:36:54,900,154,2,end
2016-06-10 10:36:54,901,154,3,start
2016-06-10 11:06:54,902,126,4,end
2016-06-10 11:06:54,903,126,5,start
2016-06-10 14:36:54,904,134,4,end
2016-06-10 14:36:54,905,134,5,start
2016-06-10 14:36:54,906,157,2,end
2016-06-10 14:36:54,907,157,3,start
2016-06-10 17:06:54,908,95,6,end
2016-06-10 17:06:54,909,95,7,start
2016-06-10 17:06:54,910,107,6,end
2016-06-10 17:06:54,911,107,7,start
2016-06-10 17:06:54,912,148,3,end
2016-06-10 17:06:54,913,148,4,start
2016-06-10 17:36:54,914,103,6,end
2016-06-10 17:36:54,915,103,7,start
2016-06-10 18:06:54,916,128,5,end
2016-06-10 18:06:54,917,128,6,start
2016-06-10 18:36:54,918,159,1,end
2016-06-10 18:36:54,919,159,2,start
2016-06-10 22:06:54,920,122,5,end
2016-06-10 22:06:54,921,122,6,start
2016-06-10 22:36:54,922,118,5,end
2016-06-10 22:36:54,923,118,6,start
2016-06-11 00:36:54,924,162,2,end
2016-06-11 00:36:54,925,162,3,start
2016-06-11 01:06:54,926,119,5,end
2016-06-11 01:06:54,927,119,6,start
2016-06-11 02:06:54,928,120,5,end
2016-06-11 02:06:54,929,120,6,start
2016-06-11 02:36:54,930,131,4,end
2016-06-11 02:36:54,931,131,5,start
2016-06-11 03:06:54,932,137,4,end
2016-06-11 03:06:54,933,137,5,start
2016-06-11 03:06:54,934,156,3,end
2016-06-11 03:06:54,935,156,4,start
2016-06-11 03:06:54,936,166,1,end
2016-06-11 03:06:54,937,166,2,start
2016-06-11 03:36:54,938,130,5,end
2016-06-11 03:36:54,939,130,6,start
2016-06-11 04:36:54,940,127,5,end
2016-06-11 04:36:54,941,127,6,start
2016-06-11 05:06:54,942,147,2,end
2016-06-11 05:06:54,943,147,3,start
2016-06-11 07:06:54,944,153,1,end
2016-06-11 07:06:54,945,153,2,start
2016-06-11 07:36:54,946,111,6,end
2016-06-11 07:36:54,947,111,7,start
2016-06-11 07:36:54,948,132,5,end
2016-06-11 07:36:54,949,132,6,start
2016-06-11 08:06:54,950,144,1,end
2016-06-11 08:06:54,951,144,2,start
2016-06-11 08:06:54,952,160,2,end
2016-06-11 08:06:54,953,160,3,start
2016-06-11 08:36:54,954,168,1,end
2016-06-11 08:36:54,955,168,2,start
2016-06-11 09:06:54,956,123,5,end
2016-06-11 09:06:54,957,123,6,start
2016-06-11 10:06:54,958,114,5,end
2016-06-11 10:06:54,959,114,6,start
2016-06-11 10:36:54,960,125,5,end
2016-06-11 10:36:54,961,125,6,start
2016-06-11 10:36:54,962,150,2,end
2016-06-11 10:36:54,963,150,3,start
2016-06-11 11:36:54,964,145,3,end
2016-06-11 11:36:54,965,145,4,start
2016-06-11 12:06:54,966,140,3,end
2016-06-11 12:06:54,967,140,4,start
2016-06-11 12:36:54,968,129,5,end
2016-06-11 12:36:54,969,129,6,start
2016-06-11 14:36:54,970,155,3,end
2016-06-11 14:36:54,971,155,4,start
2016-06-11 15:06:54,972,149,2,end
2016-06-11 15:06:54,973,149,3,start
2016-06-11 16:06:54,974,158,2,end
2016-06-11 16:06:54,975,158,3,start
2016-06-11 18:06:54,976,109,6,end
2016-06-11 18:06:54,977,109,7,start
2016-06-11 18:36:54,978,113,6,end
2016-06-11 18:36:54,979,113,7,start
2016-06-11 19:36:54,980,138,5,end
2016-06-11 19:36:54,981,138,6,start
2016-06-11 19:36:54,982,151,1,end
2016-06-11 19:36:54,983,151,2,start
2016-06-11 21:06:54,984,163,2,end
2016-06-11 21:06:54,985,163,3,start
2016-06-12 02:06:54,986,170,1,end
2016-06-12 02:06:54,987,170,2,start
2016-06-12 03:06:54,988,146,4,end
2016-06-12 03:06:54,989,146,5,start
2016-06-12 04:06:54,990,136,5,end
2016-06-12 04:06:54,991,136,6,start
2016-06-12 05:36:54,992,108,5,end
2016-06-12 05:36:54,993,108,6,start
2016-06-12 06:06:54,994,172,1,end
2016-06-12 06:06:54,995,172,2,start
2016-06-12 07:06:54,996,110,6,end
2016-06-12 07:06:54,997,110,7,start
2016-06-12 10:36:54,998,152,4,end
2016-06-12 10:36:54,999,152,5,start
2016-06-12 12:06:54,1000,133,5,end
2016-06-12 12:06:54,1001,133,6,start
2016-06-12 12:36:54,1002,154,3,end
2016-06-12 12:36:54,1003,154,4,start
2016-06-12 16:06:54,1004,112,6,end
2016-06-12 16:06:54,1005,112,7,start
2016-06-12 16:36:54,1006,117,6,end
2016-06-12 16:36:54,1007,117,7,start
2016-06-12 16:36:54,1008,157,3,end
2016-06-12 16:36:54,1009,157,4,start
2016-06-12 19:36:54,1010,166,2,end
2016-06-12 19:36:54,1011,166,3,start
2016-06-12 22:36:54,1012,135,5,end
2016-06-12 22:36:54,1013,135,6,start
2016-06-12 23:36:54,1014,153,2,end
2016-06-12 23:36:54,1015,153,3,start
2016-06-13 00:36:54,1016,144,2,end
2016-06-13 00:36:54,1017,144,3,start
2016-06-13 01:06:54,1018,168,2,end
2016-06-13 01:06:54,1019,168,3,start
2016-06-13 02:36:54,1020,162,3,end
2016-06-13 02:36:54,1021,162,4,start
2016-06-13 05:06:54,1022,173,1,end
2016-06-13 05:06:54,1023,173,2,start
2016-06-13 05:36:54,1024,148,4,end
2016-06-13 05:36:54,1025,148,5,start
2016-06-13 06:36:54,1026,141,5,end
2016-06-13 06:36:54,1027,141,6,start
2016-06-13 07:06:54,1028,116,6,end
2016-06-13 07:06:54,1029,116,7,start
2016-06-13 07:06:54,1030,147,3,end
2016-06-13 07:06:54,1031,147,4,start
2016-06-13 07:36:54,1032,124,5,end
2016-06-13 07:36:54,1033,124,6,start
2016-06-13 07:36:54,1034,142,5,end
2016-06-13 07:36:54,1035,142,6,start
2016-06-13 09:36:54,1036,121,6,end
2016-06-13 09:36:54,1037,121,7,start
2016-06-13 10:06:54,1038,106,5,end
2016-06-13 10:06:54,1039,106,6,start
2016-06-13 10:06:54,1040,115,6,end
2016-06-13 10:06:54,1041,115,7,start
2016-06-13 10:06:54,1042,160,3,end
2016-06-13 10:06:54,1043,160,4,start
2016-06-13 11:06:54,1044,126,5,end
2016-06-13 11:06:54,1045,126,6,start
2016-06-13 12:06:54,1046,151,2,end
2016-06-13 12:06:54,1047,151,3,start
2016-06-13 13:06:54,1048,105,6,end
2016-06-13 13:06:54,1049,105,7,start
2016-06-13 14:36:54,1050,134,5,end
2016-06-13 14:36:54,1051,134,6,start
2016-06-13 15:36:54,1052,156,4,end
2016-06-13 15:36:54,1053,156,5,start
2016-06-13 17:06:54,1054,149,3,end
2016-06-13 17:06:54,1055,149,4,start
2016-06-13 18:06:54,1056,158,3,end
2016-06-13 18:06:54,1057,158,4,start
2016-06-13 18:36:54,1058,170,2,end
2016-06-13 18:36:54,1059,170,3,start
2016-06-13 20:36:54,1060,2,7,end
2016-06-13 20:36:54,1061,2,8,start
2016-06-13 20:36:54,1062,8,7,end
2016-06-13 20:36:54,1063,8,8,start
2016-06-13 20:36:54,1064,9,7,end
2016-06-13 20:36:54,1065,9,8,start
2016-06-13 20:36:54,1066,11,7,end
2016-06-13 20:36:54,1067,11,8,start
2016-06-13 20:36:54,1068,13,7,end
2016-06-13 20:36:54,1069,13,8,start
2016-06-13 20:36:54,1070,18,7,end
2016-06-13 20:36:54,1071,18,8,start
2016-06-13 20:36:54,1072,20,7,end
2016-06-13 20:36:54,1073,20,8,start
2016-06-13 20:36:54,1074,22,7,end
2016-06-13 20:36:54,1075,22,8,start
2016-06-13 20:36:54,1076,25,7,end
2016-06-13 20:36:54,1077,25,8,start
2016-06-13 20:36:54,1078,27,7,end
2016-06-13 20:36:54,1079,27,8,start
2016-06-13 20:36:54,1080,28,7,end
2016-06-13 20:36:54,1081,28,8,start
2016-06-13 20:36:54,1082,32,7,end
2016-06-13 20:36:54,1083,32,8,start
2016-06-13 20:36:54,1084,35,7,end
2016-06-13 20:36:54,1085,35,8,start
2016-06-13 20:36:54,1086,36,7,end
2016-06-13 20:36:54,1087,36,8,start
2016-06-13 20:36:54,1088,39,7,end
2016-06-13 20:36:54,1089,39,8,start
2016-06-13 20:36:54,1090,44,7,end
2016-06-13 20:36:54,1091,44,8,start
2016-06-13 20:36:54,1092,51,7,end
2016-06-13 20:36:54,1093,51,8,start
2016-06-13 20:36:54,1094,53,7,end
2016-06-13 20:36:54,1095,53,8,start
2016-06-13 20:36:54,1096,54,7,end
2016-06-13 20:36:54,1097,54,8,start
2016-06-13 20:36:54,1098,57,7,end
2016-06-13 20:36:54,1099,57,8,start
2016-06-13 20:36:54,1100,59,7,end
2016-06-13 20:36:54,1101,59,8,start
2016-06-13 20:36:54,1102,61,7,end
2016-06-13 20:36:54,1103,61,8,start
2016-06-13 20:36:54,1104,63,7,end
2016-06-13 20:36:54,1105,63,8,start
2016-06-13 20:36:54,1106,64,7,end
2016-06-13 20:36:54,1107,64,8,start
2016-06-13 20:36:54,1108,66,7,end
2016-06-13 20:36:54,1109,66,8,start
2016-06-13 20:36:54,1110,69,7,end
2016-06-13 20:36:54,1111,69,8,start
2016-06-13 20:36:54,1112,70,7,end
2016-06-13 20:36:54,1113,70,8,start
2016-06-13 20:36:54,1114,71,7,end
2016-06-13 20:36:54,1115,71,8,start
2016-06-13 20:36:54,1116,72,7,end
2016-06-13 20:36:54,1117,72,8,start
2016-06-13 20:36:54,1118,74,7,end
2016-06-13 20:36:54,1119,74,8,start
2016-06-13 20:36:54,1120,75,7,end
2016-06-13 20:36:54,1121,75,8,start
2016-06-13 20:36:54,1122,77,7,end
2016-06-13 20:36:54,1123,77,8,start
2016-06-13 20:36:54,1124,78,7,end
2016-06-13 20:36:54,1125,78,8,start
2016-06-13 20:36:54,1126,82,7,end
2016-06-13 20:36:54,1127,82,8,start
2016-06-13 20:36:54,1128,84,7,end
2016-06-13 20:36:54,1129,84,8,start
2016-06-13 20:36:54,1130,85,7,end
2016-06-13 20:36:54,1131,85,8,start
2016-06-13 20:36:54,1132,86,7,end
2016-06-13 20:36:54,1133,86,8,start
2016-06-13 20:36:54,1134,90,7,end
2016-06-13 20:36:54,1135,90,8,start
2016-06-13 20:36:54,1136,93,7,end
2016-06-13 20:36:54,1137,93,8,start
2016-06-13 20:36:54,1138,94,7,end
2016-06-13 20:36:54,1139,94,8,start
2016-06-13 20:36:54,1140,97,7,end
2016-06-13 20:36:54,1141,97,8,start
2016-06-13 20:36:54,1142,99,7,end
2016-06-13 20:36:54,1143,99,8,start
2016-06-13 20:36:54,1144,100,7,end
2016-06-13 20:36:54,1145,100,8,start
2016-06-13 22:36:54,1146,172,2,end
2016-06-13 22:36:54,1147,172,3,start
2016-06-13 23:06:54,1148,163,3,end
2016-06-13 23:06:54,1149,163,4,start
2016-06-14 00:06:54,1150,145,4,end
2016-06-14 00:06:54,1151,145,5,start
2016-06-14 00:06:54,1152,150,3,end
2016-06-14 00:06:54,1153,150,4,start
2016-06-14 00:36:54,1154,140,4,end
2016-06-14 00:36:54,1155,140,5,start
2016-06-14 01:06:54,1156,104,7,end
2016-06-14 01:06:54,1157,104,8,start
2016-06-14 02:36:54,1158,131,5,end
2016-06-14 02:36:54,1159,131,6,start
2016-06-14 03:06:54,1160,137,5,end
2016-06-14 03:06:54,1161,137,6,start
2016-06-14 03:06:54,1162,155,4,end
2016-06-14 03:06:54,1163,155,5,start
2016-06-14 06:36:54,1164,128,6,end
2016-06-14 06:36:54,1165,128,7,start
2016-06-14 10:36:54,1166,122,6,end
2016-06-14 10:36:54,1167,122,7,start
2016-06-14 11:06:54,1168,118,6,end
2016-06-14 11:06:54,1169,118,7,start
2016-06-14 13:36:54,1170,119,6,end
2016-06-14 13:36:54,1171,119,7,start
2016-06-14 14:36:54,1172,120,6,end
2016-06-14 14:36:54,1173,120,7,start
2016-06-14 16:06:54,1174,130,6,end
2016-06-14 16:06:54,1175,130,7,start
2016-06-14 17:06:54,1176,127,6,end
2016-06-14 17:06:54,1177,127,7,start
2016-06-14 19:06:54,1178,95,7,end
2016-06-14 19:06:54,1179,95,8,start
2016-06-14 19:06:54,1180,107,7,end
2016-06-14 19:06:54,1181,107,8,start
2016-06-14 19:36:54,1182,103,7,end
2016-06-14 19:36:54,1183,103,8,start
2016-06-14 20:06:54,1184,132,6,end
2016-06-14 20:06:54,1185,132,7,start
2016-06-14 21:36:54,1186,123,6,end
2016-06-14 21:36:54,1187,123,7,start
2016-06-14 21:36:54,1188,166,3,end
2016-06-14 21:36:54,1189,166,4,start
2016-06-14 21:36:54,1190,173,2,end
2016-06-14 21:36:54,1191,173,3,start
2016-06-14 22:36:54,1192,114,6,end
2016-06-14 22:36:54,1193,114,7,start
2016-06-14 23:06:54,1194,125,6,end
2016-06-14 23:06:54,1195,125,7,start
2016-06-15 01:06:54,1196,129,6,end
2016-06-15 01:06:54,1197,129,7,start
2016-06-15 01:06:54,1198,154,4,end
2016-06-15 01:06:54,1199,154,5,start
2016-06-15 01:36:54,1200,153,3,end
2016-06-15 01:36:54,1201,153,4,start
2016-06-15 02:36:54,1202,144,3,end
2016-06-15 02:36:54,1203,144,4,start
2016-06-15 03:06:54,1204,146,5,end
2016-06-15 03:06:54,1205,146,6,start
2016-06-15 03:06:54,1206,168,3,end
2016-06-15 03:06:54,1207,168,4,start
2016-06-15 05:06:54,1208,157,4,end
2016-06-15 05:06:54,1209,157,5,start
2016-06-15 05:06:54,1210,159,2,end
2016-06-15 05:06:54,1211,159,3,start
2016-06-15 08:06:54,1212,138,6,end
2016-06-15 08:06:54,1213,138,7,start
2016-06-15 09:36:54,1214,111,7,end
2016-06-15 09:36:54,1215,111,8,start
2016-06-15 10:36:54,1216,152,5,end
2016-06-15 10:36:54,1217,152,6,start
2016-06-15 10:36:54,1218,177,1,end
2016-06-15 10:36:54,1219,177,2,start
2016-06-15 14:06:54,1220,151,3,end
2016-06-15 14:06:54,1221,151,4,start
2016-06-15 15:06:54,1222,162,4,end
2016-06-15 15:06:54,1223,162,5,start
2016-06-15 16:36:54,1224,136,6,end
2016-06-15 16:36:54,1225,136,7,start
2016-06-15 18:06:54,1226,108,6,end
2016-06-15 18:06:54,1227,108,7,start
2016-06-15 19:36:54,1228,147,4,end
2016-06-15 19:36:54,1229,147,5,start
2016-06-15 20:06:54,1230,109,7,end
2016-06-15 20:06:54,1231,109,8,start
2016-06-15 20:36:54,1232,113,7,end
2016-06-15 20:36:54,1233,113,8,start
2016-06-15 20:36:54,1234,170,3,end
2016-06-15 20:36:54,1235,170,4,start
2016-06-15 22:36:54,1236,160,4,end
2016-06-15 22:36:54,1237,160,5,start
2016-06-16 00:36:54,1238,133,6,end
2016-06-16 00:36:54,1239,133,7,start
2016-06-16 00:36:54,1240,172,3,end
2016-06-16 00:36:54,1241,172,4,start
2016-06-16 03:06:54,1242,179,1,end
2016-06-16 03:06:54,1243,179,2,start
2016-06-16 05:36:54,1244,148,5,end
2016-06-16 05:36:54,1245,148,6,start
2016-06-16 05:36:54,1246,149,4,end
2016-06-16 05:36:54,1247,149,5,start
2016-06-16 06:36:54,1248,158,4,end
2016-06-16 06:36:54,1249,158,5,start
2016-06-16 09:06:54,1250,110,7,end
2016-06-16 09:06:54,1251,110,8,start
2016-06-16 11:06:54,1252,135,6,end
2016-06-16 11:06:54,1253,135,7,start
